area,perimeter,aspect_ratio,contour_points_count,circularity,class_label
7872.0,1958.7089223861694,1.0,1214,0.025784288162340158,Castor
5944.0,1638.4347565174103,0.8671875,998,0.027824691660574614,Castor
3325.0,950.1706954240799,0.5630252100840336,570,0.046280522088551115,Castor
11027.0,584.877197265625,0.78125,186,0.4050772556986979,Castor
4108.5,1488.4276168346405,0.7222222222222222,887,0.023304388752160756,Castor
7798.5,1341.2905333042145,0.71875,745,0.05447223838081846,Castor
5901.0,1183.6021543741226,0.578125,539,0.05293269239074682,Castor
6712.5,1389.3250238895416,1.28,689,0.043700504079954884,Castor
11882.5,1813.7657098770142,1.0,1000,0.045389491024798376,Castor
13259.0,936.3818113803864,1.0,352,0.1900267305138592,Castor
10395.5,2232.098751306534,1.0,1236,0.0262197434364714,Castor
5900.5,1687.2804282903671,1.391304347826087,982,0.02604498675340801,Castor
12328.0,497.053822517395,0.8515625,71,0.6270405884312256,Castor
12467.0,450.8284270763397,0.78125,8,0.7708133681389647,Castor
10557.5,426.72792184352875,0.703125,22,0.7285658867716621,Castor
9166.0,408.16652059555054,0.765625,138,0.6913770485472029,Castor
16106.5,528.1837655305862,1.0,50,0.7255058925121672,Castor
9821.5,953.5361387729645,0.78125,417,0.13574172701067294,Castor
7053.5,985.3940035104752,0.9140625,415,0.09128400886832963,Castor
13560.5,851.5361388921738,1.0,426,0.23500624273567344,Castor
16107.5,520.5269113779068,1.0,42,0.7470533694714885,Castor
840.5,264.87005722522736,0.13934426229508196,38,0.15055037827371776,Castor
3729.0,537.3624787330627,0.265625,203,0.1622809607491806,Castor
2159.0,288.0,0.140625,4,0.3270977304735901,Castor
2137.0,398.1909056901932,0.5922330097087378,188,0.16936813774049891,Castor
11413.5,1289.844794869423,1.0,559,0.08620923600078743,Castor
13422.5,969.5706293582916,1.0,322,0.17942558640246833,Castor
9051.0,1186.7981127500534,0.7890625,631,0.08075189726340407,Castor
9291.5,1138.638731956482,0.8984375,661,0.09005830937019989,Castor
11584.5,1235.9036699533463,0.9765625,510,0.09530548904446429,Castor
15206.0,705.1025930643082,1.0,238,0.3843441069375711,Castor
15610.5,632.977702498436,1.0,167,0.4896095207042181,Castor
9682.0,1080.205186009407,0.8359375,489,0.10427073295937027,Castor
8176.5,685.3107435703278,0.859375,379,0.2187772830181836,Castor
4314.0,965.1757477521896,1.375,508,0.058193865147288075,Castor
15945.0,539.7401143312454,1.0,52,0.6878044703634786,Castor
16002.5,522.0416301488876,1.0,33,0.7378828654317126,Castor
11984.0,600.9949476718903,1.0,125,0.4169366016302654,Castor
10542.5,1714.2509912252426,1.0,969,0.045082153686162266,Castor
7926.5,1348.947388768196,0.8671875,771,0.05473956027925381,Castor
6951.5,1074.413336634636,0.734375,591,0.07567381169912855,Castor
8826.0,1070.2295709848404,0.7734375,551,0.09683222117274033,Castor
1916.0,378.53405141830444,0.3412698412698413,207,0.16803334109071047,Castor
7633.0,1040.6904666423798,1.0,464,0.08856496881540019,Castor
8479.0,1462.9646326303482,1.0,699,0.049783662646676836,Castor
8345.5,961.4772635698318,0.6875,462,0.11344469398953687,Castor
11999.0,922.6761862039566,1.0,191,0.17711538751658296,Castor
16047.5,533.2132030725479,1.0,31,0.7092763175991783,Castor
15901.5,584.3259009122849,1.0,65,0.5852449607815743,Castor
2464.0,1895.998245716095,0.7168141592920354,1141,0.00861340176860502,Castor
1857.0,1248.5037376880646,0.8316831683168316,762,0.014970698845193175,Castor
3469.0,1397.4986845254898,0.7734375,849,0.022320881835121452,Castor
3424.5,1456.854022860527,0.7401574803149606,915,0.020275658110033595,Castor
5469.5,779.026472568512,0.84375,333,0.11325387197557603,Castor
9823.5,885.2030980587006,0.8984375,265,0.15753979031127646,Castor
8767.5,839.4873690605164,0.78125,284,0.15633539178098582,Castor
8978.0,869.4457385540009,0.859375,251,0.14924661803527398,Castor
9790.0,660.3919159173965,0.7578125,193,0.28209088885542294,Castor
1792.5,366.4924215078354,0.7916666666666666,167,0.16770230478374895,Castor
2682.5,412.5756813287735,0.46153846153846156,169,0.1980351782391617,Castor
2160.5,345.4629839658737,0.7051282051282052,182,0.22748936306703296,Castor
13751.0,1018.2295709848404,1.0,542,0.16666819617392054,Castor
6212.0,1068.8569868803024,0.943089430894309,542,0.06832853512839605,Castor
1119.0,326.7350618839264,1.4634146341463414,162,0.1317190132055389,Castor
13929.0,885.6711345911026,0.9609375,332,0.22314379830185918,Castor
13932.0,738.1320304870605,0.9453125,256,0.3213329246292268,Castor
9822.0,1596.4793519973755,0.9453125,787,0.048426511159678005,Castor
14030.5,628.3502861261368,0.953125,167,0.44655954616102833,Castor
12322.5,1462.6976076364517,0.953125,687,0.07237683516487521,Castor
13266.5,1204.2813061475754,0.9375,434,0.11495035994778087,Castor
11583.5,1527.952440738678,0.9140625,759,0.062349072014060314,Castor
15696.0,526.6274166107178,1.0,35,0.7112002882144002,Castor
10068.5,965.5361399650574,1.0666666666666667,401,0.13571803727562953,Castor
14436.5,645.7472544908524,0.9921875,186,0.4350574825417935,Castor
2440.5,975.5016490221024,0.421875,544,0.03222794844698988,Castor
2664.0,647.6122587919235,0.5089285714285714,338,0.07982041152066154,Castor
12730.0,902.9848425388336,1.0,339,0.1961902167627002,Castor
9923.5,734.1147856712341,0.890625,310,0.2313911772453121,Castor
716.5,337.63960921764374,0.1015625,88,0.07898039126145545,Castor
3523.0,1400.8224979639053,0.5703125,771,0.022560893266992278,Castor
1192.5,229.09545266628265,0.4153846153846154,103,0.2855191972265165,Castor
14856.0,787.9898949861526,0.984375,240,0.30065640366977425,Castor
11523.5,1498.8153574466705,1.0,586,0.06446114291111366,Castor
13406.5,795.2030979394913,0.9765625,243,0.2664214268735298,Castor
15698.0,608.3086558580399,1.0,117,0.5330969481091935,Castor
10123.0,1005.8620404005051,0.9296875,499,0.1257309691295164,Castor
10574.0,803.6467493772507,0.8046875,246,0.20574002359382323,Castor
8925.0,1762.621486902237,0.9765625,761,0.03609939876531242,Castor
16078.5,528.1837655305862,1.0,50,0.724244652330232,Castor
15130.0,736.534051656723,0.96875,228,0.35047991262640266,Castor
1400.5,305.01219260692596,0.1015625,42,0.18917274976415466,Castor
1995.5,605.712763428688,0.45689655172413796,318,0.06834836750366174,Castor
2580.0,711.4112483263016,0.4365079365079365,350,0.0640601741048441,Castor
3998.0,664.2741652727127,0.390625,241,0.11385652617993736,Castor
3007.0,700.6761872768402,0.3203125,222,0.07696771188364412,Castor
8461.0,436.56854152679443,0.546875,76,0.5578618764227249,Castor
3421.0,713.9898952245712,0.375,235,0.08432936057497921,Castor
11119.5,1090.021420121193,1.0,420,0.11760480290758463,Castor
10427.0,1144.322936296463,1.0,429,0.10006265728143078,Castor
13479.5,888.68332695961,1.0,355,0.2144813737469683,Castor
4665.5,1077.2661484479904,0.6528925619834711,621,0.05051984760677754,Castor
10004.5,1803.8245848417282,1.0,981,0.03863817890656415,Castor
6556.5,2032.8683029413223,0.7560975609756098,1180,0.01993716674044428,Castor
11425.5,930.4823154211044,1.0,253,0.16583218836009533,Castor
11715.0,1142.4650713205338,1.103448275862069,453,0.11278888270058819,Castor
14014.0,1298.1808013916016,0.9765625,377,0.10449646835372418,Castor
15252.5,645.7472546100616,1.0,227,0.45964840854907424,Castor
11581.5,1139.9869295358658,1.0,523,0.1119888878067402,Castor
14121.5,837.1097326278687,1.0,353,0.2532362722272249,Castor
9864.5,764.7178169488907,1.2222222222222223,207,0.2119739650571435,Castor
9200.0,1221.484404206276,0.9921875,593,0.07748574959317207,Castor
11442.5,1468.3300759792328,1.0,541,0.06669348259206186,Castor
10314.0,1616.5382272005081,1.0,705,0.04959809920578806,Castor
9143.0,941.5777690410614,1.2450980392156863,435,0.1295943869384461,Castor
13414.0,947.5777689218521,0.9609375,424,0.18773205735608345,Castor
10829.5,1377.9768252372742,1.0,748,0.07166951116341141,Castor
13852.5,1136.496597290039,1.0,664,0.1347726423786255,Castor
6914.5,1114.8397415876389,1.3617021276595744,621,0.06991103972600111,Castor
6872.0,1337.3910385370255,1.3061224489795917,714,0.048280993395927826,Castor
7081.0,1014.0285613536835,1.471264367816092,580,0.08653744790956655,Castor
15352.5,771.6639941930771,1.0,181,0.32399066477679717,Castor
12659.5,797.2274837493896,1.0,321,0.25030060116412367,Castor
3478.5,1364.3544605970383,0.9921875,638,0.02348266818686746,Castor
15667.0,654.0731555223465,1.0,253,0.46019623058486125,Castor
16037.0,566.9360724687576,1.0,152,0.6269960599581794,Castor
9529.5,3259.028893828392,1.0,1988,0.01127466266411138,Castor
14334.0,567.8477597236633,0.96875,199,0.5586160771388415,Castor
12638.5,510.20815074443817,0.8359375,135,0.610113468247965,Castor
12517.0,517.7644996643066,0.8203125,155,0.5867398378651218,Castor
8377.5,1055.7270452976227,0.921875,565,0.09445414168268125,Catharanthus
8403.0,1026.513841509819,0.9140625,576,0.10021081818944093,Catharanthus
12280.0,694.475176692009,1.0,201,0.31995932871467214,Catharanthus
12298.0,679.5046136379242,1.0,206,0.33470294457068556,Catharanthus
10078.0,847.3523740768433,0.8984375,363,0.17638275301838216,Catharanthus
6718.0,1707.3565487861633,1.0,894,0.02896019048857625,Catharanthus
5941.5,1042.5899614095688,1.292929292929293,517,0.06868768626576938,Catharanthus
11915.5,987.3940037488937,1.0,425,0.15358229888492875,Catharanthus
12170.5,1115.4183886051178,1.0,504,0.12292569853187978,Catharanthus
8258.0,1953.145433664322,1.0,1139,0.027202923321582962,Catharanthus
6162.0,975.2590069770813,1.2075471698113207,539,0.08141259878867765,Catharanthus
6796.5,673.7127641439438,1.0,319,0.18816794160677344,Catharanthus
6695.5,649.428493976593,1.0,311,0.19949416578088008,Catharanthus
15915.0,620.1665205955505,1.0,93,0.5199958436179156,Catharanthus
16104.5,529.2132030725479,1.0,25,0.7225963582278744,Catharanthus
12329.0,1401.567664027214,1.0,633,0.07886958909560857,Catharanthus
6985.5,1242.9818778038025,0.9375,655,0.05681693047390998,Catharanthus
14175.0,911.151363492012,1.0,380,0.214561537595814,Catharanthus
13625.0,1042.6904668807983,1.0,462,0.15748368528764448,Catharanthus
7197.0,1535.1555383205414,0.96875,903,0.03837572552398239,Catharanthus
16073.5,540.0416301488876,1.0,32,0.6925734512306679,Catharanthus
16100.5,528.0416300296783,1.0,28,0.725626109617536,Catharanthus
13602.0,934.2640610933304,1.0,450,0.19582735081071273,Catharanthus
11641.0,1089.5777695178986,1.0,450,0.1232207039687987,Catharanthus
11781.5,1110.1046794652939,1.0,454,0.12013860502951204,Catharanthus
14035.5,803.168608546257,1.0,355,0.27341623625051586,Catharanthus
11767.0,1495.273288846016,0.9296875,826,0.06613547345507384,Catharanthus
7958.0,981.6610289812088,0.8515625,482,0.10377451165090423,Catharanthus
6673.0,508.93607246875763,0.46875,149,0.32374608175625325,Catharanthus
6205.0,408.02438509464264,2.327272727272727,86,0.46835958437547204,Catharanthus
7546.5,486.55129611492157,1.3061224489795917,113,0.40058821893320695,Catharanthus
6828.5,401.78174471855164,0.4609375,93,0.5315630407512701,Catharanthus
5811.5,523.3208482265472,0.4375,180,0.2666625531090454,Catharanthus
6149.5,580.4335460662842,0.484375,202,0.2293742496643353,Catharanthus
6360.0,529.078207731247,0.4453125,174,0.2855138841809128,Catharanthus
6100.0,507.07820761203766,0.4296875,167,0.29811910308325273,Catharanthus
5134.0,380.71067690849304,0.359375,89,0.44511846955865836,Catharanthus
8095.5,820.3990559577942,0.65625,327,0.15114828966836957,Catharanthus
8862.5,710.0315252542496,0.6875,245,0.22090769733570825,Catharanthus
9561.0,501.1370824575424,0.7890625,112,0.4784098377868328,Catharanthus
2969.5,434.83556723594666,3.878787878787879,161,0.1973527007047269,Catharanthus
2520.0,383.62236404418945,4.413793103448276,139,0.2151803304769965,Catharanthus
3724.5,438.14927554130554,2.6122448979591835,153,0.24379996938303017,Catharanthus
7875.5,1326.378846526146,0.7265625,746,0.056253924484033095,Catharanthus
2598.0,229.137082695961,1.7916666666666667,103,0.6218107869925434,Catharanthus
2574.0,1184.8813730478287,1.24,666,0.023039267234330446,Catharanthus
2611.0,386.93607246875763,0.3359375,135,0.21914839667258437,Catharanthus
4104.5,479.5462440252304,0.3359375,228,0.22428960001252868,Catharanthus
6973.5,667.7127642631531,0.8359375,315,0.1965537401840845,Catharanthus
5458.5,429.1787129640579,0.3828125,134,0.37239756497083354,Catharanthus
6653.5,542.4335460662842,0.7265625,201,0.28416261791259007,Catharanthus
3759.0,592.5584363937378,0.4715447154471545,277,0.13453020947365724,Catharanthus
3939.5,707.4528788328171,0.48333333333333334,375,0.09891358268395338,Catharanthus
4379.0,905.376758813858,0.71900826446281,485,0.06713146509490232,Catharanthus
2969.0,548.9015827178955,0.5789473684210527,285,0.12383148912826106,Catharanthus
3447.5,401.52185893058777,0.421875,144,0.26871737735288254,Catharanthus
2995.0,413.7644991874695,0.4296875,147,0.21983672190350764,Catharanthus
3339.5,444.83556723594666,0.4921875,156,0.21207638068106277,Catharanthus
4209.5,804.2224309444427,0.8260869565217391,434,0.08178770347875146,Catharanthus
3189.0,383.9655097723007,0.359375,130,0.2718190893852917,Catharanthus
3099.5,734.2224307060242,1.1222222222222222,409,0.07225139028168434,Catharanthus
5455.5,1028.5899620056152,0.8203125,492,0.0647977402613696,Catharanthus
6350.5,875.2518684864044,0.7734375,390,0.10417216526140018,Catharanthus
3893.5,492.3502856492996,0.515625,153,0.20183740534285305,Catharanthus
6143.0,1211.2833933830261,0.84375,577,0.05261370108636423,Catharanthus
962.5,214.208150267601,1.7647058823529411,110,0.2635958813616125,Catharanthus
767.0,117.39696848392487,1.6666666666666667,58,0.6993449823204484,Catharanthus
1242.0,143.88224971294403,1.71875,63,0.7539056887576081,Catharanthus
1044.0,130.22539520263672,1.7586206896551724,49,0.7736045127824811,Catharanthus
811.5,116.32590043544769,1.7307692307692308,51,0.7536080732604604,Catharanthus
2071.5,192.06601452827454,1.488888888888889,88,0.7056571598477963,Catharanthus
1984.0,180.99494695663452,1.4772727272727273,86,0.7610595345334195,Catharanthus
1707.5,166.40916180610657,1.5365853658536586,73,0.7748472752899622,Catharanthus
1332.0,280.2497806549072,1.911764705882353,136,0.21311966564670262,Catharanthus
1094.5,300.97770273685455,1.911764705882353,152,0.15182978737477626,Catharanthus
1720.5,172.6101711988449,1.8888888888888888,67,0.7256576439119463,Catharanthus
1192.0,339.5046138763428,1.8857142857142857,178,0.1299555279639586,Catharanthus
617.0,207.13708317279816,1.962962962962963,89,0.18070880554365623,Catharanthus
990.5,438.65894174575806,1.85,217,0.06468601107327064,Catharanthus
1667.5,169.4385986328125,1.8611111111111112,72,0.729879229390481,Catharanthus
2013.0,228.1076456308365,1.8048780487804879,97,0.48615410231805756,Catharanthus
1629.0,170.8528128862381,1.8888888888888888,62,0.7012722950038299,Catharanthus
1501.0,240.59292650222778,1.8611111111111112,113,0.32585534313901116,Catharanthus
15386.5,525.1543278694153,1.0,59,0.7010932847720249,Catharanthus
14330.5,484.72792184352875,0.921875,21,0.7664346543801306,Catharanthus
15373.5,517.4974737167358,1.0,59,0.7213834062451191,Catharanthus
4728.0,1014.3128318786621,0.9787234042553191,621,0.05774887025311456,Catharanthus
2261.5,971.7270441055298,0.8875,573,0.03009663051499642,Catharanthus
1256.0,266.2497806549072,1.3541666666666667,148,0.2226491216091731,Catharanthus
9959.0,944.690466761589,1.0158730158730158,478,0.14023180719341607,Catharanthus
8581.5,849.8792848587036,1.1228070175438596,364,0.14929957906593525,Catharanthus
7708.5,1077.0163670778275,1.0,511,0.0835093559712054,Catharanthus
10264.0,1109.5432792901993,0.921875,550,0.1047702579244627,Catharanthus
11014.0,799.8965300321579,0.84375,351,0.2163153360250815,Catharanthus
7430.5,959.2173781394958,0.6640625,506,0.10148312356875609,Catharanthus
10127.0,1610.694641828537,0.9609375,971,0.04905285009925792,Catharanthus
13764.0,1164.73923766613,1.0,677,0.1274961632049753,Catharanthus
12469.0,1583.0966628789902,1.0,948,0.06252110168536505,Catharanthus
10127.0,1656.978912472725,1.0,946,0.046350744166293686,Catharanthus
9710.5,1865.4124590158463,0.984375,1148,0.035067250076726245,Catharanthus
7123.0,1159.5920494794846,1.0841121495327102,716,0.06656751583978975,Catharanthus
10835.5,1246.8397426605225,1.0,628,0.08758657557804798,Catharanthus
13122.5,984.0458054542542,1.0,539,0.17029261577410018,Catharanthus
11285.5,1061.9869298934937,1.0078740157480315,549,0.12574546333968611,Catharanthus
571.0,251.2792181968689,2.0689655172413794,134,0.11364041941599734,Catharanthus
305.5,393.83051455020905,0.6938775510204082,252,0.02475154727681579,Catharanthus
1565.5,308.29141068458557,1.434782608695652,169,0.20698557776641177,Catharanthus
830.5,542.7422021627426,2.575,311,0.03542927912596399,Catharanthus
541.5,425.97265017032623,1.511111111111111,252,0.037501176541790845,Catharanthus
1556.0,400.2741652727127,1.6875,212,0.12204060041856031,Catharanthus
16129.0,508.0,1.0,4,0.7853981633974483,Catharanthus
11617.5,568.6345567703247,0.8203125,185,0.4514982251311292,Catharanthus
16128.5,507.41421353816986,1.0,5,0.7871882188997527,Catharanthus
14437.5,481.639608502388,1.0,49,0.7820913306621486,Catharanthus
13428.5,475.0954524278641,1.0,53,0.7476108931732156,Catharanthus
14684.0,484.5685416460037,1.0,47,0.7858575094177034,Catharanthus
16129.0,508.0,1.0,4,0.7853981633974483,Catharanthus
15791.5,557.6396092176437,1.0,79,0.6381547707522472,Catharanthus
16129.0,508.0,1.0,4,0.7853981633974483,Catharanthus
461.0,207.88224971294403,4.733333333333333,73,0.13405282577166383,Catharanthus
3203.5,343.2964633703232,3.1052631578947367,90,0.341582752375602,Catharanthus
1575.0,237.19595754146576,0.6027397260273972,71,0.3517838160811929,Catharanthus
6296.5,774.3990561962128,0.6484375,328,0.1319408998588232,Catharanthus
5604.5,719.0853477716446,0.65625,323,0.1362027443853587,Catharanthus
7705.5,558.7178168296814,0.7109375,235,0.31018846768463854,Catharanthus
8830.0,1378.0285609960556,1.0,596,0.05843245454633155,Catharanthus
10659.0,1444.3372155427933,1.0,703,0.06420799712342791,Catharanthus
8170.0,1475.6509248018265,1.0,713,0.04714814949170815,Catharanthus
3738.0,461.98989498615265,0.8333333333333334,205,0.22008183994564798,Catharanthus
3809.0,448.21529042720795,0.8352941176470589,243,0.23825800484609,Catharanthus
3619.0,413.36247861385345,1.0547945205479452,187,0.26615604951329813,Catharanthus
8621.5,1679.859074831009,1.008130081300813,844,0.038392553391509425,Catharanthus
8514.0,1832.1849768161774,1.024,908,0.03187167398003972,Catharanthus
10298.0,1200.5138412714005,0.9921875,569,0.08979009029802651,Catharanthus
16129.0,508.0,1.0,4,0.7853981633974483,Curry
16129.0,508.0,1.0,4,0.7853981633974483,Curry
16109.5,517.0710676908493,1.0,14,0.7571666023033438,Curry
16097.0,511.65685415267944,1.0,13,0.7726756309585879,Curry
11609.0,573.906634926796,0.84375,173,0.4429168309738732,Curry
11102.0,664.6761865615845,0.9765625,206,0.3157845281547126,Curry
16129.0,508.0,1.0,4,0.7853981633974483,Curry
16129.0,508.0,1.0,4,0.7853981633974483,Curry
16129.0,508.0,1.0,4,0.7853981633974483,Curry
16129.0,508.0,1.0,4,0.7853981633974483,Curry
8845.0,634.4751764535904,0.6953125,216,0.27610764444238756,Curry
16129.0,508.0,1.0,4,0.7853981633974483,Curry
6097.0,852.6660820245743,0.59375,426,0.10538239968414256,Curry
8517.5,1320.2955861091614,0.8515625,670,0.061401596517038484,Curry
6696.5,1847.5058240890503,0.765625,1049,0.024653926954792505,Curry
14544.0,1357.65092420578,1.0,699,0.09915565568146938,Curry
14065.5,960.3056908845901,1.0,471,0.19166642129353256,Curry
7697.0,1460.0184564590454,1.1851851851851851,704,0.04537479321911654,Curry
1753.5,285.899494767189,7.529411764705882,18,0.2695807383538048,Curry
15477.0,551.882249712944,1.0,86,0.6385630644532744,Curry
14669.0,571.2203431129456,1.0,164,0.5649409307126573,Curry
5272.0,1169.0235079526901,1.2190476190476192,541,0.04847733943841,Curry
10720.5,1356.4377218484879,1.1636363636363636,759,0.07321923509812064,Curry
7370.0,761.5533843040466,1.471264367816092,390,0.15968960512579344,Curry
9884.5,1534.829637646675,1.1531531531531531,868,0.052728354207117495,Curry
12247.5,1804.8540225028992,1.0,961,0.04724688152970479,Curry
16129.0,508.0,1.0,4,0.7853981633974483,Curry
16129.0,508.0,1.0,4,0.7853981633974483,Curry
16125.5,506.2426406145096,1.0,8,0.7906888380002016,Curry
9169.0,1484.8468823432922,1.0,750,0.052259890313369695,Curry
9024.5,1227.928055047989,1.0,589,0.07521200552581471,Curry
7639.5,808.3401812314987,1.3473684210526315,336,0.14692187579902277,Curry
8588.0,1732.753517150879,1.0,881,0.03594415858430523,Curry
7081.0,896.9503520727158,1.4222222222222223,382,0.11060318899575762,Curry
5234.0,787.3178845643997,1.0940170940170941,330,0.10610683209470194,Curry
5028.0,1746.3859868049622,0.90625,982,0.020716894635346064,Curry
4503.0,2162.2825174331665,0.96875,1343,0.01210283011072377,Curry
4080.0,1204.6803615093231,0.703125,704,0.03532859498284232,Curry
7290.0,748.700572013855,1.641025641025641,286,0.1634259666558174,Curry
9150.0,2206.140380859375,1.0,1203,0.023624611216157557,Curry
7522.0,954.4061961174011,1.4545454545454546,444,0.10377116508623625,Curry
7269.0,829.2691135406494,1.5058823529411764,349,0.13282919861099582,Curry
16129.0,508.0,1.0,4,0.7853981633974483,Curry
16125.0,511.3137083053589,1.0,16,0.7750589126478101,Curry
8918.0,1657.2732883691788,1.0,852,0.040802715854579445,Curry
16124.0,509.65685415267944,1.0,10,0.7800580356937592,Curry
10007.0,1316.739236831665,1.0,654,0.07252942085665574,Curry
14381.5,487.1543279886246,1.0,79,0.7615193078667188,Curry
2877.5,568.1147857904434,0.5533980582524272,309,0.11203481762324335,Curry
3646.5,743.9625446796417,0.7962962962962963,418,0.08279115463368551,Curry
12789.0,1162.9991223812103,1.0,599,0.11881948820213757,Curry
11079.5,1761.5991897583008,1.0,937,0.04486584194839257,Curry
11856.5,1938.9616683721542,1.0,1134,0.03963035134382027,Curry
8617.5,1602.167730808258,1.0,930,0.042186665103144,Curry
15106.0,659.9898952245712,1.0,181,0.43579753731831494,Curry
9747.0,1066.1320304870605,0.8359375,237,0.10776031380735737,Curry
11975.5,1076.3990564346313,0.9765625,373,0.12988437303713068,Curry
16102.0,512.9705624580383,1.0,25,0.7689618604703076,Curry
12612.5,829.2274824380875,1.0,288,0.23049614642226995,Curry
8313.5,808.2569217681885,1.0,296,0.1599170980079598,Curry
12747.5,663.2619732618332,1.0,209,0.3641368972754674,Curry
11438.0,1050.749342083931,1.0,453,0.13018522641421143,Curry
8806.0,1066.7493422031403,1.0,478,0.0972442156355913,Curry
8058.0,1056.4061965942383,1.0,463,0.09073508430501367,Curry
5953.5,1040.6732218265533,1.5802469135802468,543,0.06908018035348831,Curry
6383.5,991.3595131635666,1.641025641025641,484,0.08162183792485403,Curry
5459.5,1083.727044582367,0.515625,602,0.05841480234936797,Curry
8298.5,1281.065138578415,1.0,673,0.06354290072356955,Curry
6315.5,1725.8489710092545,0.640625,1017,0.026644773183040493,Curry
9959.0,2792.8308477401733,1.0,1626,0.016044874736472592,Curry
6230.0,1331.734184384346,0.625,755,0.044143098607853086,Curry
8366.5,1631.4814393520355,1.0,907,0.03949930049692627,Curry
11507.5,1514.4621064662933,1.0,805,0.06304839350050637,Curry
8123.5,645.2030984163284,0.609375,230,0.24522241222226926,Curry
7729.0,2713.7770256996155,1.0,1640,0.013188179462977508,Curry
6979.0,711.4112486839294,0.609375,375,0.1732852537318663,Curry
10544.0,1546.586996793747,1.103448275862069,856,0.05539448796741067,Curry
2947.0,603.2447280883789,2.3703703703703702,276,0.1017660527149768,Curry
3591.5,768.3990564346313,2.064516129032258,368,0.07643848820215553,Curry
5382.5,868.3889507055283,1.391304347826087,490,0.0896943991055562,Curry
6263.5,994.3300757408142,1.2307692307692308,505,0.0796096645852645,Curry
16062.5,546.6690467596054,1.0,56,0.6754201864536542,Curry
16119.5,515.0710676908493,1.0,14,0.7635317822527361,Curry
16057.5,559.6396092176437,1.0,74,0.6442744448357924,Curry
11732.0,1616.444861292839,1.0,815,0.05642351378757229,Curry
7319.0,861.695519566536,1.2549019607843137,376,0.1238665214793006,Curry
8751.5,1105.7026596069336,1.0078740157480315,528,0.0899530001500573,Curry
8555.0,836.8670922517776,1.0666666666666667,364,0.15350301027610122,Curry
16099.5,528.8700572252274,1.0,34,0.7233097070033665,Curry
16116.0,520.4852812290192,1.0,17,0.7475671643703572,Curry
7923.5,883.6538894176483,1.2427184466019416,374,0.1275153712313641,Curry
16117.5,513.0710676908493,1.0,11,0.7694005498483483,Curry
10089.5,1931.9911057949066,1.0,1091,0.033967944184656484,Curry
8421.5,2518.657186985016,1.0,1434,0.016682502443010835,Curry
5630.0,1230.4549664258957,1.4545454545454546,667,0.046729034924224304,Curry
5849.0,1408.3616013526917,1.5058823529411764,812,0.037056392190464076,Curry
4657.0,874.4894570112228,2.206896551724138,504,0.07652563572403294,Curry
11757.0,1438.6702570915222,1.0,868,0.07138120119422928,Curry
4375.0,1657.8906002044678,1.4545454545454546,1021,0.020002127115714318,Curry
9046.5,2711.4755103588104,1.0,1701,0.01546247743789382,Curry
9482.5,1364.7808672189713,1.0,687,0.0639744947067931,Curry
10871.5,1310.638731598854,1.0,670,0.07953043141794656,Curry
10042.0,1821.7484645843506,1.0578512396694215,1018,0.03802360211071077,Curry
8865.5,1342.035700559616,1.032258064516129,723,0.06185644549223363,Curry
7528.0,699.3868631124496,1.5238095238095237,283,0.19339913771945574,Curry
7652.0,700.3574261665344,1.5421686746987953,283,0.1960402959024866,Curry
8002.0,756.984842300415,1.5421686746987953,306,0.17548259350109682,Curry
11014.0,988.8914777040482,1.0,473,0.14153298553055382,Curry
15034.0,821.327987909317,1.0,302,0.2800600521716967,Curry
14747.0,834.4406862258911,1.0,306,0.2661476287402737,Curry
16127.0,509.65685415267944,1.0,9,0.7802031717708543,Curry
7636.0,1424.8468825817108,1.1372549019607843,792,0.047264970445224895,Curry
15883.5,596.4091612100601,1.0,113,0.5611351312850845,Curry
16128.0,508.8284270763397,1.0,7,0.7827942845772616,Curry
7997.0,1464.1017154455185,0.796875,784,0.046880740300691406,Curry
8084.5,619.1198381185532,1.28,186,0.26504132206410297,Curry
14856.5,1121.158503651619,1.0,599,0.14852253074977803,Curry
10157.0,969.317883849144,1.2307692307692308,488,0.135844752055135,Curry
9299.0,965.5777691602707,1.0078740157480315,437,0.12533477772322993,Curry
7527.5,670.7178175449371,1.032258064516129,195,0.21027175585229,Curry
15338.0,779.0782076120377,1.0,168,0.3175531934903025,Curry
11219.0,466.79393661022186,0.953125,112,0.6470138833928921,Curry
1339.0,561.3279886245728,0.7333333333333333,322,0.05340194146727153,Curry
10629.5,779.0853478908539,1.0,291,0.22006583642971023,Curry
16126.0,510.48528122901917,1.0,13,0.7776247419219514,Curry
8633.0,655.9310200214386,1.5802469135802468,238,0.25214784756765923,Curry
594.0,307.07820773124695,0.7916666666666666,149,0.07915863827530878,Curry
3811.5,569.7472541332245,1.5421686746987953,211,0.14755071098765937,Curry
12235.5,1248.4478268623352,1.0,571,0.09864856904391539,Curry
12132.5,1206.6488373279572,1.0,564,0.1047124609480989,Curry
16129.0,508.0,1.0,4,0.7853981633974483,Curry
16125.0,508.8284270763397,1.0,8,0.7826486755213506,Curry
16129.0,508.0,1.0,4,0.7853981633974483,Curry
11223.5,654.5756816864014,1.1743119266055047,253,0.3291686312209671,Curry
9884.0,901.4701238870621,1.0406504065040652,340,0.15284101901621627,Curry
9245.5,964.2813061475754,1.1327433628318584,402,0.12494899634576857,Curry
16129.0,508.0,1.0,4,0.7853981633974483,Curry
11513.5,489.8406196832657,0.8046875,71,0.6029865675036278,Curry
2182.0,992.8326025009155,0.3203125,522,0.02781714473690115,Curry
14650.5,857.5117537975311,1.0,338,0.2503699183213291,Curry
4654.0,1021.602154135704,1.5609756097560976,527,0.056036711766354774,Curry
6329.0,416.8528126478195,2.1333333333333333,87,0.4576984981183097,Curry
12561.0,861.7543942928314,1.0,354,0.21255291546910723,Curry
100.0,82.56854128837585,1.1333333333333333,51,0.18432347089111623,Curry
7166.5,1282.7219920158386,0.953125,733,0.05473333204452485,Curry
2779.5,1701.9322301149368,0.6302521008403361,1016,0.012058464714438083,Curry
2075.0,547.2691135406494,1.7173913043478262,331,0.08706148855211561,Curry
11491.0,1714.4448605775833,1.0,840,0.04912704528993413,Curry
15671.5,676.7766917943954,1.0,187,0.42996157460561896,Curry
16088.5,540.9533175230026,1.0,93,0.6908851241973106,Curry
1752.0,661.3523737192154,0.8192771084337349,383,0.05033593412206002,Curry
10321.0,1401.3910373449326,0.9453125,729,0.06604089812603028,Curry
4884.5,1729.446948647499,0.7734375,1039,0.020521801811078214,Curry
5060.5,1867.6134699583054,1.292929292929293,1143,0.018231789505659433,Curry
796.5,321.2619733810425,1.7058823529411764,184,0.09697884304951528,Curry
16109.0,512.9705624580383,1.0,24,0.7692961501873175,Curry
6924.5,855.3351281881332,0.6953125,441,0.11893937890772385,Curry
6667.0,779.2102383375168,0.734375,367,0.13798472698147268,Curry
6626.5,772.6244512796402,1.3617021276595744,346,0.13949452744670485,Curry
13230.0,818.7249571084976,1.0,355,0.24802396723511128,Curry
6543.5,2210.005384683609,1.0,1304,0.0168357825224443,Curry
8712.5,1546.9128974676132,1.0,886,0.045753143116438015,Curry
9510.0,1161.2001330852509,1.0,549,0.08862907712006171,Curry
10180.5,1887.8144798278809,1.0,1132,0.03589718113929974,Curry
11012.0,1825.807340145111,1.0,1008,0.041511284232714434,Curry
14478.0,1171.6265394687653,1.0,642,0.1325378846907018,Curry
12711.0,1482.4204760789871,1.0,751,0.0726853310109713,Curry
13667.5,1144.8742326498032,1.0,557,0.13103381475213285,Curry
1602.5,216.8944422006607,0.6666666666666666,114,0.42806631591702465,Doddpathre
5786.5,1408.4864900112152,0.8253968253968254,813,0.036653921901979934,Doddpathre
5631.5,985.6437833309174,0.8048780487804879,543,0.0728440323118253,Doddpathre
3099.5,771.1097332239151,0.6796116504854369,408,0.06550419815378278,Doddpathre
2761.5,875.6782741546631,0.75,472,0.04525491586887279,Doddpathre
4452.5,1246.4133365154266,0.65625,649,0.036015514031306636,Doddpathre
2714.0,740.666081905365,0.5566037735849056,425,0.062169130497461624,Doddpathre
663.5,339.4629839658737,1.0232558139534884,192,0.0723545659061462,Doddpathre
1094.0,245.2792180776596,0.7090909090909091,145,0.22851024711008008,Doddpathre
1350.0,567.269112944603,1.3846153846153846,310,0.052718780754628713,Doddpathre
1081.5,565.9970343112946,0.9402985074626866,311,0.042423654440796196,Doddpathre
2445.5,235.72286903858185,0.5529411764705883,116,0.5530623497575231,Doddpathre
1203.0,757.3767580986023,1.1428571428571428,447,0.02635430356471232,Doddpathre
2413.5,430.37467062473297,1.0588235294117647,210,0.16374338362872948,Doddpathre
4152.5,401.46298360824585,0.5,176,0.3237639496022907,Doddpathre
7725.5,861.511754155159,1.0940170940170941,354,0.13080189819896063,Doddpathre
7754.0,852.4406864643097,1.1228070175438596,360,0.1340933746058894,Doddpathre
8059.0,701.4457385540009,1.1228070175438596,231,0.20582724333803268,Doddpathre
7846.5,836.1980451345444,1.0756302521008403,343,0.14101572587448927,Doddpathre
16129.0,508.0,1.0,4,0.7853981633974483,Doddpathre
15966.5,505.41421353816986,0.9921875,6,0.7854611098468852,Doddpathre
16129.0,508.0,1.0,4,0.7853981633974483,Doddpathre
2394.0,267.7644991874695,0.625,123,0.41959278961463115,Doddpathre
16129.0,508.0,1.0,4,0.7853981633974483,Doddpathre
8388.0,875.3036031723022,1.0,233,0.13757858973186327,Doddpathre
15098.5,501.0121923685074,1.0,45,0.7558699460636534,Doddpathre
8854.0,735.9066346883774,1.0,168,0.20544895891267048,Doddpathre
8903.0,739.5634881258011,1.0,171,0.2045480356486501,Doddpathre
8701.5,748.4924209117889,1.0,173,0.19517724087699134,Doddpathre
6385.5,718.6345561742783,1.0,162,0.15537766107258266,Doddpathre
8689.0,802.5340511798859,1.0,184,0.1695324055662554,Doddpathre
15214.5,515.9238795042038,1.0,88,0.7182841601063135,Doddpathre
5181.5,1297.0651375055313,1.18,700,0.0387027472204844,Doddpathre
1570.5,207.58073389530182,0.5857142857142857,112,0.45800869053657084,Doddpathre
6013.0,1364.3615990877151,1.135135135135135,724,0.04059215358633154,Doddpathre
11184.0,707.1858534812927,1.0,282,0.2810217238165737,Doddpathre
10886.5,705.5706290006638,1.0,282,0.2748002686377648,Doddpathre
7455.5,483.3553384542465,1.9692307692307693,54,0.40100851956919475,Doddpathre
4192.5,263.899494767189,1.125,18,0.7564945746867703,Doddpathre
10843.0,562.0487707853317,1.103448275862069,112,0.43133164046560657,Doddpathre
11762.5,691.1442230939865,1.0,259,0.30943692437448234,Doddpathre
10577.0,1162.0285598039627,1.0,562,0.0984325563714853,Doddpathre
10961.5,1069.3595143556595,1.0,509,0.12045709258247857,Doddpathre
14405.0,561.8233746290207,1.0,120,0.5734869220235459,Doddpathre
1380.0,184.99494767189026,0.6349206349206349,91,0.5067213639222691,Doddpathre
14405.0,561.8233746290207,1.0,120,0.5734869220235459,Doddpathre
14273.5,693.119837641716,1.0,191,0.37335647334922295,Doddpathre
11089.0,1526.8224972486496,1.0,663,0.05977576549735119,Doddpathre
7779.5,740.4924210309982,1.0,178,0.17828726116889296,Doddpathre
15553.0,502.2842707633972,1.0,40,0.7746845229504331,Doddpathre
6624.0,709.5634888410568,1.0,169,0.16532847771788714,Doddpathre
15719.5,513.6984843015671,1.0,38,0.7485693196383297,Doddpathre
16129.0,508.0,1.0,4,0.7853981633974483,Doddpathre
15252.5,532.3259007930756,1.0,58,0.6763877014271008,Doddpathre
6220.0,1083.9452998638153,0.734375,544,0.06652509686902842,Doddpathre
1865.5,559.3696181774139,0.46153846153846156,328,0.07492165615051086,Doddpathre
1919.0,326.2497806549072,0.3557692307692308,151,0.226560597852905,Doddpathre
7510.0,1427.592048406601,0.90625,752,0.046306457736398215,Doddpathre
6076.0,1325.5331745147705,0.6953125,778,0.04345566760844832,Doddpathre
6141.0,1390.0184557437897,0.7109375,782,0.03993997863981167,Doddpathre
28.5,37.21320295333862,1.0,20,0.25861911488392275,Doddpathre
765.0,276.1076452732086,0.47540983606557374,148,0.12609981075386412,Doddpathre
2372.5,279.6639940738678,0.6710526315789473,153,0.3811912941967755,Doddpathre
10011.5,1034.9087228775024,1.0,386,0.11746403650965041,Doddpathre
7314.0,865.0924881696701,1.0078740157480315,422,0.12281169861249722,Doddpathre
10309.0,812.700572013855,1.0,299,0.19613959435901324,Doddpathre
11023.0,1137.4945083856583,1.0,392,0.10705601025950186,Doddpathre
1895.5,288.3502860069275,0.33663366336633666,141,0.28647905786834293,Doddpathre
13118.5,960.7077119350433,1.0,441,0.17861235215506355,Doddpathre
9736.0,1758.7291314601898,1.0,858,0.039554191762481775,Doddpathre
15119.0,670.3330410718918,1.0,232,0.4228162576976852,Doddpathre
7213.5,2069.044928431511,1.0,1119,0.0211746410801492,Doddpathre
4953.5,881.1929932832718,1.5802469135802468,422,0.08016410733573334,Doddpathre
5922.0,909.5188940763474,1.4,473,0.08996111225124825,Doddpathre
5323.0,818.8082174062729,1.6103896103896105,411,0.09977045324591198,Doddpathre
10515.0,1511.8174452781677,1.0,839,0.05781232508363542,Doddpathre
10474.0,1652.410372018814,1.0,926,0.048204391935595066,Doddpathre
6218.5,1142.6976064443588,0.8828125,633,0.05984568844392414,Doddpathre
1892.0,270.1076453924179,0.6764705882352942,158,0.3258796505772122,Doddpathre
5175.5,1264.9230027198792,0.828125,719,0.04064751465341182,Doddpathre
10885.0,1324.3372163772583,1.0,687,0.07799039680199378,Doddpathre
7640.0,1521.2976742982864,0.9140625,887,0.04148344544424758,Doddpathre
6912.5,1336.0945757627487,0.8203125,709,0.04865983216033551,Doddpathre
1836.0,370.8528114557266,2.909090909090909,72,0.16775651264215563,Doddpathre
1836.0,370.8528114557266,2.909090909090909,72,0.16775651264215563,Doddpathre
3870.5,866.3056905269623,0.8469387755102041,469,0.06480889272179756,Doddpathre
9445.0,1036.8326025009155,1.0,482,0.11040647307534904,Doddpathre
9165.5,1145.6437839269638,1.0,534,0.08775397941169763,Doddpathre
5635.5,1333.1483982801437,0.6796875,794,0.03984605478026684,Doddpathre
2010.0,308.3919161558151,0.5747126436781609,180,0.2655828032547627,Doddpathre
9438.5,715.8061294555664,1.0,153,0.2314845543434196,Doddpathre
14798.5,535.6396090984344,1.0,65,0.6481599494924886,Doddpathre
9243.0,738.0487701892853,1.0,196,0.2132321545954265,Doddpathre
9784.5,708.835567355156,1.0,149,0.24471325820245943,Doddpathre
15904.0,518.2842707633972,1.0,32,0.7440123996339603,Doddpathre
14718.0,533.6812392473221,1.0,96,0.6493738419242282,Doddpathre
2729.5,241.03657746315002,1.3389830508474576,128,0.5903737765060768,Doddpathre
1131.0,151.88224935531616,1.3076923076923077,74,0.6161102417460568,Doddpathre
15429.5,515.8406196832657,1.0,53,0.7286695842065732,Doddpathre
15432.0,512.911687374115,1.0,58,0.7371347553610732,Doddpathre
2998.0,699.4945089817047,0.5283018867924528,410,0.07699683493760173,Doddpathre
14840.5,603.580733537674,1.0,87,0.5119029829040199,Doddpathre
15248.5,494.2426406145096,1.0491803278688525,10,0.7844342824049555,Doddpathre
16072.5,502.7279222011566,1.0,8,0.7991481235310236,Doddpathre
4331.0,470.75944674015045,0.5344827586206896,251,0.2455839386221538,Doddpathre
3788.0,358.1909053325653,0.65,192,0.3710143649791395,Doddpathre
4308.0,487.58787429332733,0.424,248,0.2277087740987192,Doddpathre
4217.5,506.516806602478,0.416,276,0.20657474959526465,Doddpathre
3387.5,418.91882705688477,0.5045871559633027,211,0.24256571156118237,Doddpathre
3885.0,1238.1362059116364,0.59375,740,0.03184667090907686,Doddpathre
1793.0,336.39191603660583,0.3364485981308411,171,0.19911274170863005,Doddpathre
2224.0,332.7350620031357,0.3389830508474576,173,0.25243380448552266,Doddpathre
3360.5,838.5067009925842,0.6260162601626016,447,0.060062124303176936,Doddpathre
2623.0,270.9360727071762,0.9104477611940298,140,0.4490291051728287,Doddpathre
3220.5,572.5411909818649,0.7142857142857143,304,0.12345812967735284,Doddpathre
5343.0,974.9747377634048,0.768,528,0.07063310730358162,Doddpathre
5598.5,544.8010770082474,0.8103448275862069,313,0.23703126356466028,Doddpathre
4234.5,394.0904004573822,0.6262626262626263,213,0.3426259785931272,Doddpathre
4310.0,440.61731123924255,0.6116504854368932,222,0.2789741880412339,Doddpathre
4659.0,427.98989510536194,0.7575757575757576,231,0.3196211749696785,Doddpathre
800.5,142.1248903274536,0.5306122448979592,70,0.4980018030361334,Doddpathre
4689.5,416.8599523305893,0.7575757575757576,224,0.3391220705157076,Doddpathre
13452.0,1695.0722776651382,1.0,857,0.05883290325822677,Doddpathre
4978.0,825.9209146499634,0.865546218487395,427,0.09170390482447055,Doddpathre
12034.0,1357.6509243249893,1.0,734,0.08204339660762215,Doddpathre
6087.0,1507.415423631668,1.4597701149425288,870,0.03366256899831711,Doddpathre
12240.5,1180.7564821243286,1.0,617,0.11032866047938746,Doddpathre
7217.5,2296.2063957452774,1.0,1285,0.017201836363762435,Doddpathre
6833.0,1952.0327353477478,1.0,1058,0.022534456701433024,Doddpathre
7620.5,1755.6824496984482,1.0,985,0.0310671486751131,Doddpathre
6171.5,2105.58908367157,1.0,1115,0.017492559371663885,Doddpathre
2691.5,601.7716397047043,0.359375,315,0.09339869652893461,Doddpathre
12432.5,1156.3889515399933,1.0,563,0.11683163773313172,Doddpathre
5282.5,1455.5159285068512,0.765625,824,0.03133397154514984,Doddpathre
5590.0,1509.758568763733,0.84375,844,0.030818157161778742,Doddpathre
3663.0,623.5533833503723,1.4366197183098592,321,0.1183857698475636,Doddpathre
3853.0,1339.7341848611832,0.9130434782608695,774,0.026975629925189197,Doddpathre
3856.0,1267.4499136209488,0.8782608695652174,747,0.030163746132825194,Doddpathre
5216.5,1158.780866265297,0.7578125,655,0.04881872633878246,Doddpathre
2798.0,1241.4499135017395,0.6818181818181818,736,0.022813880851267686,Doddpathre
3906.5,535.7127645015717,0.6238532110091743,291,0.1710541848490565,Doddpathre
3910.0,624.7249565124512,0.6410256410256411,357,0.12589512414932086,Doddpathre
16129.0,508.0,1.0,4,0.7853981633974483,Mint
9334.0,632.3330408334732,1.3763440860215055,219,0.29334987670509366,Mint
9802.0,565.9066348075867,1.391304347826087,183,0.3846227695378466,Mint
11043.0,575.3624783754349,1.2307692307692308,178,0.4191928469501709,Mint
16129.0,508.0,1.0,4,0.7853981633974483,Mint
16129.0,508.0,1.0,4,0.7853981633974483,Mint
9814.0,667.9898947477341,1.0,213,0.27638605848951375,Mint
9760.5,595.806129693985,1.0491803278688525,181,0.3455190491654751,Mint
7611.5,1510.8885122537613,1.0,759,0.04190012103181601,Mint
15390.0,764.700572013855,1.0,277,0.33072395566746854,Mint
16113.5,519.6984843015671,1.0,36,0.7497161167241141,Mint
16046.5,540.6690466403961,1.0,56,0.6898063226301921,Mint
16058.0,536.7695519924164,1.0,49,0.7003668346306207,Mint
14451.5,787.0853480100632,1.0,293,0.2931427350374231,Mint
13766.5,778.9432126283646,0.953125,291,0.2851161436282886,Mint
16067.5,551.6396092176437,1.0,74,0.6635097183655841,Mint
12897.0,685.5878742933273,0.8671875,239,0.34480401025828117,Mint
13913.0,607.0193325281143,0.90625,185,0.47448840432433004,Mint
11610.0,1834.4936302900314,1.0,974,0.04335205285289659,Mint
12104.0,1503.1555389165878,1.0,907,0.06731795835134921,Mint
11616.0,1291.4499136209488,0.9921875,765,0.08752081077903913,Mint
11035.5,1793.4225634336472,1.0,928,0.04311581703547091,Mint
10194.5,1859.2215534448624,1.0,999,0.03706069022487316,Mint
8296.0,2080.6845368146896,0.9140625,1166,0.024080534818877203,Mint
5708.5,1331.2905331850052,1.2688172043010753,775,0.04047493704482274,Mint
5672.5,832.7665873765945,0.875,404,0.10278690393366964,Mint
10067.5,1167.6437848806381,0.96875,564,0.0927920476160606,Mint
9250.5,1352.1778357028961,0.890625,722,0.06357808545040343,Mint
8999.5,1258.8986181020737,0.96875,616,0.07135866749013334,Mint
8321.0,1517.6753097772598,0.9765625,796,0.0453970516610684,Mint
5464.0,986.9503523111343,0.9453125,418,0.07049039462521728,Mint
14994.0,754.7594473361969,1.0,269,0.3307579221052552,Mint
8748.0,1272.1706960201263,0.953125,596,0.06792472101041845,Mint
10114.5,874.8498474359512,0.78125,464,0.16606849195372483,Mint
10754.0,946.6072071790695,0.96875,423,0.15081352214158616,Mint
9146.5,1095.560524225235,1.0,500,0.0957617452456356,Mint
12834.5,1010.9919829368591,1.0,480,0.15779505711837236,Mint
11862.5,1243.1828886270523,1.0,633,0.09645306700727002,Mint
10256.5,1154.531086564064,1.0,537,0.09669361256571318,Mint
9605.0,1478.9057574272156,1.0,729,0.05518565910625594,Mint
3400.0,988.2051857709885,1.452054794520548,497,0.043751658837580316,Mint
5002.5,738.6000658273697,0.6640625,288,0.11523337378760286,Mint
11892.5,993.5117535591125,1.0,337,0.15140388020410153,Mint
6462.0,1099.4255285263062,1.0097087378640777,635,0.06718080193271811,Mint
6025.5,1130.153450012207,0.9702970297029703,655,0.05928272039288665,Mint
7758.0,1261.449914097786,0.9193548387096774,741,0.06126601264923251,Mint
5900.0,861.8620396852493,1.086021505376344,483,0.09981283015015538,Mint
7809.0,973.7442889213562,1.0377358490566038,520,0.1034940636839873,Mint
8760.5,1226.3788466453552,1.0982142857142858,709,0.07319635522543334,Mint
8615.0,1036.9158629179,1.1296296296296295,564,0.10068809146714201,Mint
7400.0,1081.6265382766724,1.108910891089109,602,0.07948531780537618,Mint
9073.5,1222.0356996059418,1.24,699,0.07635138528650011,Mint
10835.5,1331.6681697368622,1.0,688,0.07678330157572738,Mint
10954.5,1258.354460477829,1.0,627,0.0869353562068427,Mint
7553.5,1404.8885127305984,0.9375,818,0.04809217011723996,Mint
8419.0,989.4011437892914,0.8515625,586,0.10807507792889177,Mint
2997.0,588.724956870079,0.7096774193548387,349,0.10866050369420445,Mint
5136.5,1279.373793721199,1.4222222222222223,786,0.039435037252643954,Mint
2618.5,614.0802958011627,0.75,396,0.087259378967632,Mint
6864.0,1735.5230697393417,1.0,982,0.028636923338618225,Mint
2443.5,375.54624354839325,0.6629213483146067,207,0.21771851471910678,Mint
5005.5,816.6488369703293,0.7265625,407,0.09431627366769822,Mint
5533.0,932.6904670000076,1.351063829787234,490,0.0799273581636285,Mint
4331.5,820.7077115774155,0.7421875,412,0.08081112530085144,Mint
3391.0,495.01933240890503,2.056603773584906,192,0.1738974980076951,Mint
4117.0,835.9554052352905,0.6796875,346,0.07403285716765709,Mint
5292.0,655.2203431129456,0.6875,183,0.15490126123739348,Mint
4894.0,807.9898952245712,0.8046875,225,0.09420240055804079,Mint
5058.0,703.0782078504562,0.7322834645669292,178,0.12858236663709888,Mint
4655.0,677.9066348075867,0.6612903225806451,169,0.12728867929816584,Mint
4979.0,873.6711345911026,0.7265625,335,0.08197020399571571,Mint
6606.5,1024.1391705274582,0.7890625,392,0.07915226540933035,Mint
7034.5,1174.61434674263,0.84375,601,0.06406967130807303,Mint
4461.0,827.1513632535934,0.8046875,433,0.08193549986330076,Mint
8183.5,1897.4713343381882,1.0,1169,0.028562650355335013,Mint
6752.5,1296.0945760011673,1.0,663,0.050512756709987,Mint
4869.0,852.1219255924225,0.8373983739837398,459,0.08426479302129714,Mint
6948.5,1254.8397430181503,0.8203125,683,0.0554529169058475,Mint
6268.5,1663.692554950714,1.0,859,0.028459505384427014,Mint
7650.0,1996.7779029607773,1.0,1042,0.024110808585862533,Mint
6525.0,979.8965299129486,0.9140625,414,0.0853945079838792,Mint
7460.5,2102.7261666059494,1.0,1205,0.021203734636461573,Mint
6415.0,1798.375881075859,0.7265625,1063,0.02492559797241267,Mint
8141.5,2041.3535840511322,0.796875,1197,0.02455148807258223,Mint
8170.5,2287.5444893836975,0.796875,1405,0.019620921485987694,Mint
8111.0,2136.4490379095078,0.8515625,1312,0.022330538175485762,Mint
7463.0,2737.4582644701004,1.0,1673,0.012514926185412906,Mint
7501.0,2112.8754423856735,0.9453125,1264,0.02111452124903117,Mint
15364.5,498.811182141304,1.0,82,0.7759896598934742,Mint
16108.5,506.2426406145096,1.0,10,0.7898552694134289,Mint
14914.5,1024.9675979614258,1.0,408,0.17840141297604836,Mint
12478.5,1222.4722113609314,0.953125,580,0.1049286912140182,Mint
9124.0,2738.5079127550125,0.9921875,1425,0.015288579656751951,Mint
10912.5,1483.0306483507156,0.953125,846,0.062349628221603094,Mint
9738.0,1817.7484648227692,1.0,1082,0.037034975455629136,Mint
13425.5,489.2132030725479,1.0578512396694215,27,0.7049267547656173,Mint
13531.5,534.0660150051117,1.0,96,0.5961642377909974,Mint
15672.5,496.87005722522736,1.0,30,0.7977420613648672,Mint
15222.5,559.5807338953018,1.0,103,0.6109003018343153,Mint
15232.5,550.89444231987,1.0,109,0.6307311335573712,Mint
14953.5,596.6934319734573,1.0,147,0.5277766889503787,Mint
14539.5,550.5512962341309,1.0,111,0.6027868324699525,Mint
14887.5,578.693431854248,1.0,138,0.5586432198445652,Mint
13769.5,667.2619731426239,1.0,206,0.38862907030165256,Mint
12745.0,742.5584365129471,1.0,275,0.2904614028303048,Mint
10821.5,1222.153450369835,0.8984375,595,0.09104285146880656,Mint
9931.5,969.5605243444443,1.1743119266055047,490,0.13276232860990367,Mint
8968.5,1293.491544008255,1.0847457627118644,736,0.06736006361400697,Mint
10012.0,1032.8569875955582,1.0666666666666667,541,0.11793706644181245,Mint
7964.5,1185.4671592712402,1.2673267326732673,654,0.07121792664548497,Mint
10363.5,1000.7320967912674,1.1636363636363636,497,0.13004110681027958,Mint
10503.5,933.394003868103,1.2190476190476192,420,0.15150043872705088,Mint
9959.0,965.9209154844284,1.2549019607843137,450,0.1341351057963825,Mint
10057.5,873.938159942627,0.71875,383,0.1654773279012368,Mint
9885.0,854.6072062253952,1.3763440860215055,402,0.17008007416447485,Mint
10457.5,841.7371492385864,1.3195876288659794,371,0.18547473009374005,Mint
10152.5,1570.711886882782,1.0078740157480315,875,0.051711817415341865,Mint
13044.5,802.4823163747787,1.0,365,0.25454604824248744,Mint
13449.0,734.0142796039581,1.0,275,0.31368289682864364,Mint
11157.5,1020.1046802997589,1.1228070175438596,452,0.13473712594664833,Mint
10178.5,835.1097329854965,0.8125,368,0.18340305028008222,Mint
10874.0,811.411248922348,0.84375,361,0.20754732690031455,Mint
10808.0,846.6660820245743,1.1962616822429906,368,0.18946582096371428,Mint
11509.5,842.2813060283661,1.1130434782608696,351,0.20386937782968367,Mint
9561.0,799.6955190896988,1.3061224489795917,354,0.18787277797749408,Mint
9365.0,867.4356338977814,1.391304347826087,430,0.15640229738489583,Mint
9140.0,621.2447283267975,1.4382022471910112,252,0.29759842387658547,Mint
8739.0,862.1808005571365,1.3617021276595744,366,0.14773211256196958,Mint
10291.0,734.1564158201218,1.2427184466019416,302,0.23993314422810977,Mint
10092.0,895.6366446018219,1.2190476190476192,411,0.15809691568932124,Mint
9211.0,766.4406861066818,1.3333333333333333,343,0.19704233455012227,Mint
11164.0,835.3523732423782,1.1428571428571428,347,0.2010436082865615,Mint
10893.0,768.4406864643097,1.1743119266055047,343,0.23181240092811148,Mint
11996.5,820.8254619836807,1.032258064516129,342,0.22374986544029,Mint
10567.5,874.5655765533447,1.1130434782608696,398,0.17361904460119226,Mint
10023.5,1433.8002002239227,0.828125,867,0.06127057913471673,Neem
7280.0,1918.6601526737213,0.90625,1141,0.02485107220265771,Neem
11609.0,1096.3717060089111,0.875,580,0.1213637638678672,Neem
9942.5,1904.902792930603,0.96875,1134,0.034431807892090306,Neem
5780.5,2495.343478679657,0.7578125,1458,0.01166580202620184,Neem
11417.5,999.0163676738739,0.84375,525,0.14375920980962476,Neem
8703.0,1417.2732883691788,0.8515625,846,0.054446710179085,Neem
8967.5,2096.2997609376907,0.8671875,1203,0.025643333453747162,Neem
11341.5,832.7665872573853,0.8359375,366,0.20551038718333486,Neem
10669.0,1099.7442895174026,0.890625,591,0.11085368845164564,Neem
11220.5,914.3645662069321,0.8125,425,0.16864881676966195,Neem
9241.0,1240.1950808763504,0.796875,723,0.07550032574995152,Neem
9438.0,1238.5382269620895,0.78125,678,0.07731628996043526,Neem
8653.5,1494.0012111663818,0.7890625,867,0.048719156769135984,Neem
9449.0,2658.380057454109,1.0,1573,0.01680202290428233,Neem
9451.5,1687.481439590454,1.0,979,0.041709270412676136,Neem
8267.0,1258.0773311853409,0.7890625,732,0.06563615434245222,Neem
7338.0,1492.8712677955627,0.71875,872,0.04137546163260188,Neem
11309.0,1543.1555384397507,1.0,875,0.059678055545388124,Neem
8640.5,1518.9717729091644,0.8515625,828,0.04705971922487349,Neem
8018.0,1448.1605900526047,0.7265625,788,0.04804436602001234,Neem
10173.5,1368.957493185997,1.0,621,0.06821821113916736,Neem
11204.5,1233.1585037708282,1.0,601,0.09259009734555992,Neem
9686.5,1038.0214210748672,1.0,464,0.11297025655137254,Neem
9172.5,962.7665872573853,1.0,402,0.12435279899581533,Neem
11740.5,1812.4864917993546,1.0,927,0.044910397588345335,Neem
10618.0,1220.773727297783,1.0,601,0.08953281447630451,Neem
8288.5,720.5168067216873,1.4222222222222223,294,0.2006307860395959,Neem
11212.0,1928.184976696968,1.0,970,0.037896191259229224,Neem
9645.5,1324.8153579235077,1.0,623,0.06905957500046886,Neem
9177.0,743.1614671945572,1.0,183,0.20880660335440826,Neem
10153.5,583.119837641716,1.0,168,0.37524075799428525,Neem
9645.5,698.7766915559769,1.0,189,0.24823201291867356,Neem
8227.0,565.2792187929153,1.0,133,0.32353801863549514,Neem
10015.5,696.4335459470749,1.0,196,0.2594914991300962,Neem
9175.0,784.6416970491409,1.0,309,0.18727213857852298,Neem
9696.0,749.185853600502,1.0,271,0.21708176015594396,Neem
10605.0,691.5878740549088,1.0,222,0.2786286668090851,Neem
7250.0,777.2691136598587,0.9765625,318,0.1508012875612605,Neem
8841.5,793.085348367691,1.0,287,0.17664280882365924,Neem
8726.0,558.4507910013199,0.9609375,137,0.35160516961514954,Neem
9408.0,585.6223640441895,0.9921875,127,0.3447242742146541,Neem
9518.5,645.2030980587006,1.0,214,0.28733298865332046,Neem
9538.5,604.2914108037949,1.0,175,0.3282442335315107,Neem
9455.5,645.8893899917603,1.0,206,0.28482497115746896,Neem
9915.0,651.9898949861526,0.9921875,210,0.29310339779620764,Neem
6503.5,2377.2114491462708,0.9453125,1332,0.014461767731689439,Neem
6254.0,1210.312831401825,1.0,572,0.05365033841691195,Neem
2378.0,592.0731552839279,0.265625,270,0.08524540398183025,Neem
14255.0,1650.160591006279,1.0,882,0.06578466439197254,Neem
9484.0,2968.4978069067,1.0,1592,0.013524709466644821,Neem
8357.0,1183.9797909259796,1.0,400,0.07491550079425617,Neem
3464.5,610.1147856712341,1.6818181818181819,275,0.11695729891301317,Neem
10620.0,1356.264060974121,1.0,463,0.07255141269792686,Neem
9406.5,1510.4478268623352,1.0,564,0.051811535875023546,Neem
14833.5,1330.9230028390884,1.0,717,0.10523195470186969,Neem
10985.0,1290.2783417701721,0.8359375,779,0.08291691024380565,Neem
8249.5,1769.824585556984,1.0,921,0.033096117005175646,Neem
6582.5,1665.1382930278778,0.78125,964,0.029833218923533657,Neem
6739.0,1030.4650719165802,0.8515625,442,0.07975148323097891,Neem
8427.5,912.3645659685135,0.8828125,433,0.12722480832489724,Neem
8737.5,1468.1778362989426,0.9140625,753,0.050937746234081725,Neem
7839.0,1538.5869963169098,1.0,846,0.041612749614473914,Neem
9119.5,1288.9230027198792,0.8515625,723,0.06898059608468163,Neem
8828.5,1155.3250243663788,0.765625,625,0.08311672541999171,Neem
13578.0,833.2691135406494,1.0,343,0.24573957325782086,Neem
16064.0,554.0243852138519,1.0,91,0.6576666181757306,Neem
10167.5,1489.207273364067,1.0,709,0.057612105561026195,Neem
6817.0,2508.87544298172,1.0,1392,0.01360958733145522,Neem
5108.5,949.1341181993484,0.609375,482,0.07126037304169915,Neem
8434.5,2578.5983123779297,1.0,1491,0.015940495550121867,Neem
8055.5,2442.064261198044,1.0,1349,0.016974156037816168,Neem
16020.0,550.7695519924164,1.0,55,0.6636399610839829,Neem
14932.0,683.1614682674408,1.0,226,0.4020509741827726,Neem
10446.5,1394.947388291359,1.0,707,0.06746290160231548,Neem
5556.0,631.1614686250687,0.5234375,203,0.17526336469750953,Neem
8467.5,930.1980457305908,0.9140625,342,0.12297426168646884,Neem
7115.5,1061.9625444412231,0.7734375,468,0.07928606939133898,Neem
14172.0,811.3279882669449,1.0,331,0.2705503447184206,Neem
9028.0,472.30865573883057,1.292929292929293,136,0.508568673173028,Neem
14559.0,696.5584354400635,1.0,223,0.3770737483326093,Neem
7345.5,800.6833267211914,1.7162162162162162,317,0.14398248248904208,Neem
5720.5,1159.6437845230103,1.8285714285714285,556,0.0534557767795191,Neem
4595.5,1712.7362723350525,1.4545454545454546,1036,0.01968618870716173,Neem
5368.5,2423.426738858223,1.0,1436,0.011486905036936801,Neem
7021.0,2218.164766073227,1.024,1273,0.01793169039989186,Neem
8425.5,1780.8195325136185,1.0,1033,0.03338610277733286,Neem
5170.5,1485.8002001047134,1.391304347826087,857,0.02943212243685669,Neem
14844.5,1283.7514301538467,1.0,757,0.11319143276712011,Neem
12600.5,1896.2165014743805,1.0,1130,0.044037413127371486,Neem
11414.0,2417.3607244491577,1.0,1408,0.02454510016823169,Neem
15230.5,1105.98693048954,1.0,601,0.15646746094095215,Neem
12678.0,2016.944423675537,0.9921875,1186,0.03916271105806232,Neem
15475.0,942.8082177639008,1.0,455,0.2187730407380701,Neem
13491.5,1677.1971688270569,1.0,981,0.060270092842015933,Neem
13168.5,1876.5941373109818,1.0,1050,0.04699000180310458,Neem
12997.5,2002.0743662118912,1.0,1192,0.0407482798252582,Neem
15513.5,888.9087228775024,1.0,448,0.24672054636831384,Neem
14536.0,1550.4692471027374,1.0,925,0.07598510450344076,Neem
13324.5,2154.9271783828735,1.0,1272,0.03605749799114268,Neem
9741.5,2248.584032893181,0.875,1268,0.02421126348331401,Neem
13670.0,1728.2926214933395,1.0,1048,0.05751006082289491,Neem
11398.0,1916.694642663002,0.9296875,1063,0.03898815273555058,Neem
15608.5,890.1391708850861,1.0,435,0.24754559766514436,Neem
15601.0,878.3818114995956,1.0,426,0.2540947150513455,Neem
12755.0,1474.2194664478302,0.953125,842,0.07375068251988542,Neem
15335.0,1113.6610299348831,1.0,574,0.15537731015627834,Neem
13110.0,1619.8174455165863,1.0,889,0.06278854390016156,Neem
13750.0,1803.322058916092,1.0,1052,0.05313319991714351,Neem
13628.0,1614.268236041069,1.0,945,0.06571894552137268,Neem
12539.0,1239.3422689437866,1.0,560,0.10258650695615805,Neem
11679.5,1232.4377217292786,1.0756302521008403,704,0.09662825796820995,Neem
13249.5,1109.8447951078415,1.0578512396694215,539,0.13517141316961936,Neem
11083.5,1457.97682595253,1.0,767,0.06552175892345134,Neem
12388.0,974.8326027393341,1.0406504065040652,467,0.16381398290988308,Neem
12146.5,1342.0113147497177,1.0,623,0.08475174786868547,Neem
11830.0,1479.9007056951523,1.0491803278688525,829,0.06787806511061538,Neem
12160.5,1668.1088557243347,1.0,988,0.05491772274096124,Neem
7564.5,2337.1424684524536,1.0,1420,0.017402823558866624,Neem
6297.5,1782.701781988144,0.796875,1084,0.024901221016165365,Neem
5248.5,1972.1231355667114,0.8709677419354839,1197,0.01695809288222612,Neem
7040.5,2175.2602186203003,0.8515625,1358,0.01869781815941129,Neem
7136.5,1949.0693136453629,0.9140625,1188,0.023606987291316908,Neem
6893.0,1547.439809679985,1.024,919,0.03617350669471159,Neem
5243.0,2819.766919851303,0.75,1768,0.008286350496149918,Neem
14704.5,694.1492755413055,1.0,175,0.3834902936916381,Neem
11846.0,862.9015824794769,0.859375,256,0.19992129736902994,Neem
2420.0,699.5878747701645,3.1219512195121952,261,0.06213562664564063,Neem
1735.0,322.5096664428711,4.7407407407407405,118,0.2096157305210455,Neem
1553.5,316.8944424390793,5.12,122,0.1943980373887908,Neem
10506.5,1699.564699292183,0.8671875,993,0.045708032218181205,Neem
11915.5,1048.4722113609314,0.875,547,0.13620977832367465,Neem
4748.0,689.9554054737091,1.7534246575342465,313,0.12533677947714375,Palak(Spinach)
5007.5,809.1929936408997,1.3333333333333333,392,0.09610070958176435,Palak(Spinach)
6704.0,787.61225938797,1.292929292929293,354,0.1358059928097762,Palak(Spinach)
6128.0,914.8082166910172,1.5238095238095237,417,0.0920170926299574,Palak(Spinach)
7730.5,559.9726501703262,0.8532110091743119,234,0.3098017142524852,Palak(Spinach)
10374.5,1889.5058243274689,1.0,1075,0.03651577892933931,Palak(Spinach)
8566.5,1503.9423348903656,1.1743119266055047,852,0.047593858390423495,Palak(Spinach)
12203.5,1274.0701905488968,1.0,630,0.09447296815423846,Palak(Spinach)
9640.5,2565.3922494649887,1.0,1511,0.01840779912076455,Palak(Spinach)
8856.0,1731.1799236536026,0.875,974,0.0371332582463181,Palak(Spinach)
9104.0,1533.2387982606888,1.0,900,0.04866564818506844,Palak(Spinach)
9345.5,2203.6033648252487,1.0,1316,0.02418496995144343,Palak(Spinach)
6820.5,989.4183892011642,1.0,484,0.08755201012562677,Palak(Spinach)
7078.5,924.5310862064362,1.4065934065934067,486,0.10406580875276777,Palak(Spinach)
6194.5,898.64883685112,1.1228070175438596,456,0.09639091175493252,Palak(Spinach)
8915.5,667.771639585495,1.292929292929293,267,0.25124627252979015,Palak(Spinach)
8507.5,1083.9625450372696,1.0,466,0.09098782211216327,Palak(Spinach)
7635.0,805.0681031942368,1.1962616822429906,339,0.14803133812557992,Palak(Spinach)
8051.0,770.4406862258911,1.4065934065934067,327,0.17044382502356273,Palak(Spinach)
8932.0,1202.8569874763489,1.032258064516129,585,0.07757657250523443,Palak(Spinach)
8069.0,807.8965297937393,1.3195876288659794,345,0.15535244549089247,Palak(Spinach)
7810.0,973.5777690410614,1.0,439,0.10354272748941133,Palak(Spinach)
8023.0,977.7199046611786,1.1228070175438596,471,0.10546727927710058,Palak(Spinach)
7674.5,678.6000666618347,1.3473684210526315,277,0.20942675257961918,Palak(Spinach)
15726.5,521.9827550649643,1.0,71,0.7253199663206952,Palak(Spinach)
15182.5,546.0660152435303,1.0,109,0.6398274321771206,Palak(Spinach)
8743.5,683.8305141925812,1.1636363636363636,244,0.2349623223359497,Palak(Spinach)
7896.5,635.2030975818634,1.1428571428571428,213,0.24593440531811947,Palak(Spinach)
16129.0,508.0,1.0,4,0.7853981633974483,Palak(Spinach)
16129.0,508.0,1.0,4,0.7853981633974483,Palak(Spinach)
16129.0,508.0,1.0,4,0.7853981633974483,Palak(Spinach)
16129.0,508.0,1.0,4,0.7853981633974483,Palak(Spinach)
12857.0,842.724956870079,1.0,359,0.2274981120377448,Palak(Spinach)
8521.0,1662.8123924732208,1.0,895,0.03872700613189977,Palak(Spinach)
13273.0,1206.8569875955582,1.0,576,0.11451630849187275,Palak(Spinach)
10884.0,1294.312831044197,1.0,640,0.08164317472396188,Palak(Spinach)
9174.0,1597.2144122123718,1.0,816,0.04518998104466072,Palak(Spinach)
9294.0,981.5777693986893,1.3473684210526315,469,0.12121688073635137,Palak(Spinach)
8624.5,686.4579313993454,1.3473684210526315,280,0.2299936979079863,Palak(Spinach)
7436.5,900.1635555028915,1.4382022471910112,420,0.11532822144585746,Palak(Spinach)
6439.5,963.5605239868164,1.3333333333333333,509,0.08715734922968839,Palak(Spinach)
7556.5,1129.7026598453522,1.0,531,0.07440502177673335,Palak(Spinach)
6946.5,1138.6143466234207,0.828125,539,0.0673321683736801,Palak(Spinach)
9424.5,950.8498468399048,1.0,405,0.13099185763613333,Palak(Spinach)
8387.0,677.9554053544998,0.765625,309,0.22930538383101864,Palak(Spinach)
3618.0,773.1513630151749,1.0851063829787233,417,0.07605878348263657,Palak(Spinach)
5274.0,1123.8031648397446,1.0,536,0.052477059024012146,Palak(Spinach)
2715.0,408.41630029678345,1.042857142857143,236,0.20453779237035596,Palak(Spinach)
8485.5,1564.9372828006744,1.0,956,0.04354050154142761,Palak(Spinach)
9279.5,2377.0247189998627,1.0,1502,0.020637973194942382,Palak(Spinach)
9143.0,1756.9444233179092,1.0,1104,0.037220528553197046,Palak(Spinach)
8063.5,2154.0297709703445,1.0,1360,0.02183886438786863,Palak(Spinach)
10966.5,2236.6084171533585,1.0,1242,0.027548502556038086,Palak(Spinach)
5913.5,1205.6681694984436,1.5609756097560976,619,0.05112094511833936,Palak(Spinach)
5152.0,1278.680361866951,1.7297297297297298,680,0.03959694932778771,Palak(Spinach)
5710.0,1189.1656423807144,1.1851851851851851,648,0.05074126221179663,Palak(Spinach)
4936.0,1070.052945137024,1.471264367816092,623,0.05417195159230232,Palak(Spinach)
6865.5,1638.1088567972183,1.0,955,0.03215115051919004,Palak(Spinach)
7011.5,2191.485614299774,1.0,1343,0.018346091454847047,Palak(Spinach)
4690.0,1474.6946421861649,1.5802469135802468,895,0.02710057477855131,Palak(Spinach)
15993.0,604.4751765727997,1.0,249,0.5500255445642853,Palak(Spinach)
15939.0,655.8132697343826,1.0,319,0.465704607577167,Palak(Spinach)
15856.5,722.2325359582901,1.0,221,0.38199976668032704,Palak(Spinach)
15980.0,626.8427076339722,1.0,295,0.5110571671226377,Palak(Spinach)
16107.0,525.7401144504547,1.0,62,0.7322886316266661,Palak(Spinach)
15483.5,538.4924229383469,1.0,110,0.670995811044079,Palak(Spinach)
16045.5,542.7523070573807,1.0,125,0.6844784233774017,Palak(Spinach)
15857.5,756.9533175230026,1.0,122,0.34778143143341594,Palak(Spinach)
8648.5,1528.1534512043,1.1531531531531531,703,0.046538965000603186,Palak(Spinach)
9469.0,1437.2833940982819,1.0,663,0.057600886144244696,Palak(Spinach)
7551.5,1635.4915438890457,1.0,770,0.0354769670611909,Palak(Spinach)
7996.0,1627.5575594902039,1.0,864,0.037932366349292757,Palak(Spinach)
11826.0,1539.9007050991058,1.0,841,0.06267037638803202,Palak(Spinach)
8423.5,1415.9768260717392,1.0,761,0.05279467889211509,Palak(Spinach)
10844.5,1188.4722119569778,1.0,590,0.09648089721586167,Palak(Spinach)
10345.5,1348.0357006788254,1.0578512396694215,739,0.07154158556221724,Palak(Spinach)
7014.5,880.1046798229218,0.8125,422,0.11379886302237761,Palak(Spinach)
9050.0,1715.121048092842,1.1428571428571428,1004,0.03866062671035696,Palak(Spinach)
7587.0,793.7787793874741,1.3763440860215055,380,0.15131465054417886,Palak(Spinach)
5433.0,869.8620401620865,1.5058823529411764,468,0.09022955403034892,Palak(Spinach)
7750.0,1201.7686746120453,1.3763440860215055,627,0.06743258485828675,Palak(Spinach)
6978.5,1034.908722281456,1.4382022471910112,417,0.08187811813682459,Palak(Spinach)
7000.5,927.6782748699188,1.2190476190476192,412,0.10222194776355736,Palak(Spinach)
8204.0,799.8965297937393,1.2307692307692308,335,0.16112684018591608,Palak(Spinach)
9271.5,921.0508577823639,1.1228070175438596,392,0.13733860885067234,Palak(Spinach)
9632.5,818.0559099912643,1.0,326,0.18087681775240377,Palak(Spinach)
6297.5,709.8548996448517,1.5802469135802468,322,0.15705033660390405,Palak(Spinach)
7678.0,781.553384065628,1.3763440860215055,334,0.15795765439780338,Palak(Spinach)
8944.5,1540.2854812145233,0.921875,838,0.047376556223305916,Palak(Spinach)
6622.0,1026.9991233348846,0.796875,556,0.07889671022146598,Palak(Spinach)
5515.0,974.9158630371094,0.6015625,517,0.07291570965355963,Palak(Spinach)
5280.5,970.957492351532,0.9357798165137615,563,0.0703857068495327,Palak(Spinach)
5534.0,987.7442890405655,1.4545454545454546,508,0.07127873180884159,Palak(Spinach)
7099.5,1258.4965966939926,1.2075471698113207,632,0.056329193947549434,Palak(Spinach)
6260.0,923.8031642436981,1.3061224489795917,472,0.09217758088533952,Palak(Spinach)
7165.5,875.2762533426285,1.3333333333333333,450,0.11753469166026886,Palak(Spinach)
7917.0,1246.3473204374313,1.0,526,0.06404604856240982,Palak(Spinach)
6745.5,1190.1290663480759,1.0491803278688525,643,0.059846104498996515,Palak(Spinach)
6836.5,949.8204101324081,1.032258064516129,499,0.0952271280949257,Palak(Spinach)
3893.5,980.4133342504501,1.2549019607843137,497,0.05090162234301382,Palak(Spinach)
6341.0,643.6122590303421,0.671875,302,0.19236187516980255,Palak(Spinach)
3675.0,596.759446978569,1.3764705882352941,251,0.12967868616095993,Palak(Spinach)
1927.0,200.7939372062683,0.7878787878787878,93,0.6006069973219399,Palak(Spinach)
1743.5,238.3502860069275,0.796875,125,0.38565632721731263,Palak(Spinach)
5689.5,1080.1534501314163,0.6875,608,0.0612791949917059,Palak(Spinach)
6943.5,1042.129064798355,0.625,566,0.0803424899144104,Palak(Spinach)
7068.0,1225.224517583847,0.7890625,654,0.05916638665828437,Palak(Spinach)
7824.0,740.4995611906052,0.6640625,318,0.17930363531031857,Palak(Spinach)
7571.5,853.2518676519394,1.292929292929293,381,0.13068847661221664,Palak(Spinach)
5736.0,520.7005733251572,0.8984375,244,0.2658538138613949,Palak(Spinach)
10829.0,752.3574260473251,1.0940170940170941,280,0.24040848619008107,Palak(Spinach)
9585.5,1264.7219915390015,1.0,671,0.07530685224707358,Palak(Spinach)
6657.0,1453.7585693597794,1.0756302521008403,822,0.039582556967598465,Palak(Spinach)
4291.0,525.5046142339706,1.1162790697674418,217,0.19526091094458004,Palak(Spinach)
7943.0,1025.8031643629074,0.9193548387096774,527,0.09485633872915938,Palak(Spinach)
16129.0,508.0,1.0,4,0.7853981633974483,Palak(Spinach)
1568.0,499.81326973438263,0.7142857142857143,299,0.07887517902484086,Palak(Spinach)
15426.0,705.1025929450989,1.0,245,0.3899047872960494,Palak(Spinach)
8543.0,648.9604576826096,1.1962616822429906,239,0.25490819622844335,Palak(Spinach)
12462.0,1038.0041751861572,1.0,510,0.14534477039243954,Palak(Spinach)
15260.5,572.5168068408966,1.0,226,0.5850623435959873,Palak(Spinach)
9171.0,1213.0579974651337,1.1327433628318584,539,0.07831833150398314,Palak(Spinach)
11165.5,1409.6580650806427,1.0,850,0.07060906799954385,Palak(Spinach)
6949.0,2268.497806429863,1.0078740157480315,1407,0.01696896869233945,Palak(Spinach)
8372.0,1579.6652044057846,1.0,942,0.04216081327592343,Palak(Spinach)
4008.5,1569.848970413208,0.765625,972,0.020439770113569244,Palak(Spinach)
14541.5,821.9970356225967,1.0,368,0.2704447586174484,Palak(Spinach)
6541.0,1250.1950806379318,1.1327433628318584,677,0.05258942735332145,Palak(Spinach)
2089.5,284.00714004039764,0.43617021276595747,123,0.32553202704066525,Palak(Spinach)
9792.5,2175.4023535251617,1.032258064516129,1355,0.0260030479087352,Palak(Spinach)
9105.0,1589.5819453001022,1.0,925,0.0452818301595454,Palak(Spinach)
11735.5,1616.2022211551666,1.0,829,0.056457294607574066,Palak(Spinach)
8573.5,2700.2450606822968,1.0,1655,0.014776162396441889,Palak(Spinach)
12938.0,1392.7291316986084,1.0,811,0.08381923468722256,Palak(Spinach)
9556.5,1355.0306478738785,1.0,800,0.06540493101121245,Palak(Spinach)
11317.5,980.0802949666977,1.0,369,0.14805976374841734,Palak(Spinach)
6773.5,1209.124013185501,1.0,629,0.05822122064916477,Palak(Spinach)
7141.5,1211.8691803216934,1.0,590,0.061106558185969315,Palak(Spinach)
3214.0,286.59292674064636,0.45454545454545453,127,0.4917278445065481,Palak(Spinach)
6182.5,705.6538890600204,1.2549019607843137,311,0.15602367756977695,Palak(Spinach)
4543.5,609.286357998848,0.6470588235294118,310,0.15380040807290687,Palak(Spinach)
1142.5,666.3056905269623,1.0727272727272728,356,0.032338437192106204,Palak(Spinach)
16075.5,558.8700572252274,1.0,42,0.6467741740122688,Palak(Spinach)
6949.5,1144.815357208252,0.6875,584,0.06663348531275794,Palak(Spinach)
16015.0,621.6568541526794,1.0,13,0.5207572851834564,Palak(Spinach)
4852.0,695.872144818306,0.7886178861788617,288,0.12591334207727795,Palak(Spinach)
15304.5,734.8599524497986,1.0,250,0.3561392575969399,Palak(Spinach)
13781.5,1359.4326692819595,1.0,797,0.09371108117185947,Palak(Spinach)
8184.5,1267.0407531261444,1.0406504065040652,629,0.06406500280952479,Palak(Spinach)
3726.0,485.4213538169861,2.723404255319149,178,0.19870782068639334,Papaya
9869.0,2213.998245716095,1.0,1242,0.02530046295811741,Papaya
7126.0,1230.0529453754425,1.1327433628318584,624,0.059184512068435155,Papaya
7577.0,1102.5138421058655,1.2427184466019416,551,0.07833197015141793,Papaya
6207.0,769.955404996872,1.5802469135802468,325,0.13157108780199206,Papaya
9065.5,923.1929928064346,1.2673267326732673,415,0.13366466902757543,Papaya
9552.0,1814.209361076355,1.0,935,0.036469463189031645,Papaya
5151.5,1658.7909725904465,1.7066666666666668,517,0.023526658133731997,Papaya
2593.5,527.6639944314957,3.657142857142857,190,0.11705263504790347,Papaya
8145.0,2101.880494594574,1.0,1223,0.023167806258941232,Papaya
2332.0,651.4945083856583,2.017543859649123,375,0.06904256087633301,Papaya
1675.0,677.0924874544144,1.6,409,0.0459122614650896,Papaya
2731.0,795.3178837299347,1.875,470,0.05425628674789047,Papaya
2690.0,528.8427069187164,1.7017543859649122,276,0.12086737911050861,Papaya
2368.0,545.0437178611755,2.1739130434782608,293,0.10016797297251544,Papaya
12327.5,1195.8103048801422,1.024,649,0.10833288076588173,Papaya
9342.0,1376.101715683937,1.391304347826087,792,0.06199385659307288,Papaya
7401.0,1887.689590215683,1.103448275862069,1077,0.026099915811132114,Papaya
9944.0,2056.2581312656403,1.0666666666666667,1115,0.029553962254216946,Papaya
8428.0,1468.5281217098236,1.292929292929293,885,0.04910999116032292,Papaya
1911.0,717.0092267990112,2.3,374,0.046711204078260994,Papaya
10377.5,1384.780867099762,1.0,655,0.06800494554079432,Papaya
10063.0,1217.141258239746,1.0,592,0.08536018904379813,Papaya
10256.0,1738.0672249794006,1.0,888,0.042663328586952966,Papaya
10143.5,1503.03064763546,1.0,745,0.056423760212430715,Papaya
6290.0,930.2884454727173,1.0784313725490196,494,0.09133248110268054,Papaya
10931.5,1663.0550326108932,1.0,871,0.04966796672659848,Papaya
2599.5,1108.8742325305939,1.855072463768116,535,0.026566546511133667,Papaya
1318.0,478.8427095413208,0.6888888888888889,242,0.07223364244211129,Papaya
8737.0,1029.4356336593628,1.0,462,0.10360335164726067,Papaya
8328.5,2035.3535836935043,1.1743119266055047,1164,0.025263698030975126,Papaya
7495.0,2010.4490361213684,1.0,1250,0.023302116239378987,Papaya
6335.0,2024.5079112052917,1.3333333333333333,1232,0.01942305441286633,Papaya
8876.5,1960.4662818908691,0.9921875,1188,0.029022369490702252,Papaya
1823.5,482.0315251350403,0.28125,243,0.09861994298696858,Papaya
6501.0,2500.1201717853546,0.921875,1542,0.013069779533040246,Papaya
5065.5,1877.6723448038101,0.546875,1125,0.018054795098466143,Papaya
3434.5,753.5117536783218,1.5058823529411764,350,0.07601395380737073,Papaya
2703.5,1035.5849089622498,1.7361111111111112,578,0.031678514775517856,Papaya
2975.5,729.9381608963013,2.1333333333333333,409,0.07017746570382274,Papaya
3380.0,1767.4641947746277,0.8524590163934426,1014,0.013596443271768184,Papaya
2811.0,1246.621486544609,1.2268041237113403,686,0.022730107701933077,Papaya
2081.0,546.700572013855,2.122448979591837,255,0.08749492992217836,Papaya
2128.0,727.1513620615005,1.7076923076923076,389,0.050574528633785074,Papaya
5934.5,1295.8447951078415,0.90625,601,0.04441074113735557,Papaya
3954.5,696.3645662069321,1.5483870967741935,429,0.10247740399757811,Papaya
6498.5,1409.3494092226028,1.0,748,0.04111361188112233,Papaya
8664.0,1090.6315921545029,1.0,509,0.09153183315610053,Papaya
4842.0,1799.405319094658,1.1228070175438596,1061,0.018792157741831062,Papaya
6811.5,1421.0895227193832,1.28,805,0.042384762104968325,Papaya
4083.5,1135.2072739601135,1.0970873786407767,629,0.03981915993310834,Papaya
3317.0,510.9848430156708,1.0571428571428572,273,0.15963911049243756,Papaya
1849.5,694.364565372467,0.4566929133858268,399,0.04820466841236554,Papaya
15435.0,919.2346235513687,1.0,443,0.22954283963096656,Papaya
1248.5,585.4528784751892,0.9107142857142857,354,0.045773541959868984,Papaya
1595.0,638.8670926094055,0.7142857142857143,351,0.049107690961223506,Papaya
13807.0,1081.1412581205368,1.0,580,0.14843773086654746,Papaya
8098.0,1121.7199046611786,1.2549019607843137,481,0.0808758361358625,Papaya
9751.0,969.1513630151749,1.2549019607843137,407,0.13045952672728228,Papaya
9330.5,751.286358833313,1.2190476190476192,284,0.20773217794806445,Papaya
3867.5,1168.4621059894562,1.2474226804123711,719,0.03559679695841012,Papaya
3593.0,943.1412574052811,1.3372093023255813,552,0.05075906276894364,Papaya
3296.5,478.45793104171753,1.09,263,0.18095701688040058,Papaya
2494.0,301.11269783973694,5.565217391304348,40,0.34565924197358505,Papaya
4494.5,330.5269113779068,3.3684210526315788,45,0.5169845900049966,Papaya
4106.5,323.6984843015671,3.657142857142857,41,0.4924933372644173,Papaya
2530.0,1034.3372157812119,1.1686746987951808,638,0.029717076561439047,Papaya
1457.5,537.0264724493027,2.016949152542373,310,0.06350779560116691,Papaya
1318.5,334.85995268821716,1.2769230769230768,164,0.14776227705433448,Papaya
1928.0,967.1412582397461,1.7941176470588236,580,0.025902225039311094,Papaya
1172.5,469.8893897533417,2.4210526315789473,204,0.0667315846723322,Papaya
1805.0,563.9310202598572,3.4285714285714284,270,0.07132390307201238,Papaya
2246.5,690.8843375444412,2.2244897959183674,344,0.0591433053586852,Papaya
3634.5,1032.4478265047073,1.3375,511,0.04284679173390485,Papaya
14052.5,864.1980451345444,1.024,367,0.23644868270560554,Papaya
14506.0,771.1025928258896,1.032258064516129,254,0.3065725104845665,Papaya
4893.0,751.896530508995,1.7297297297297298,382,0.10875992966781417,Papaya
14059.0,736.4751764535904,1.0756302521008403,216,0.32572273190904544,Papaya
10376.5,915.394003868103,0.859375,419,0.1556125529675884,Papaya
11096.0,1044.4305814504623,0.859375,531,0.12782539772441798,Papaya
10413.5,802.9675974845886,0.8203125,361,0.20296004228146455,Papaya
2776.5,794.2813059091568,1.2027027027027026,394,0.05530429487458222,Papaya
2304.5,820.8498475551605,1.5606060606060606,455,0.042979279697694384,Papaya
1663.0,695.9797899723053,2.122448979591837,382,0.04314285247442805,Papaya
2008.0,1100.1118199825287,2.723404255319149,628,0.020849704812358122,Papaya
3009.5,1047.6437842845917,1.5609756097560976,568,0.03445695775117049,Papaya
610.5,738.9087224006653,2.340909090909091,428,0.0140512171637836,Papaya
558.0,483.73000931739807,2.566666666666667,266,0.029966636620903164,Papaya
14249.5,588.4091612100601,1.0,112,0.5171906179779538,Papaya
11013.0,569.6223641633987,1.0078740157480315,133,0.42652200228482695,Papaya
8635.0,448.30865585803986,1.4222222222222223,142,0.5399057559012123,Papaya
3281.5,887.7716397047043,2.206896551724138,325,0.05232144603309061,Papaya
3257.0,886.9848428964615,2.206896551724138,343,0.05202297994634298,Papaya
5152.5,888.2813053131104,2.245614035087719,376,0.08205911338951806,Papaya
4967.5,830.9675974845886,2.2857142857142856,355,0.0904023169077512,Papaya
1832.0,502.15641582012177,1.5,303,0.09129716706596473,Papaya
9498.5,1479.8346902132034,1.1428571428571428,750,0.05450526850976289,Papaya
5459.5,784.6488363742828,0.8252427184466019,428,0.11143254880690166,Papaya
11865.5,1314.7564824819565,1.0,601,0.08625916823215368,Papaya
8077.5,2346.657186985016,1.0,1363,0.018432639554661463,Papaya
9725.5,2033.2114489078522,1.0,1232,0.029563558583282943,Papaya
9143.5,2089.7211149930954,1.0,1288,0.026311503862279026,Papaya
10557.0,1964.8855477571487,1.0,1155,0.03436179709022993,Papaya
9430.0,2432.497807264328,1.0,1462,0.02002703431032693,Papaya
7423.0,1933.1698184013367,1.1851851851851851,1191,0.02496027192486889,Papaya
5526.5,1855.6134703159332,1.0,1125,0.02016902969462469,Papaya
8960.0,1357.1757479906082,1.1228070175438596,446,0.06112877500848801,Papaya
6790.5,1026.6833267211914,1.4065934065934067,317,0.08095405346101069,Papaya
10879.0,1330.0630505084991,1.0,443,0.07727773476236613,Papaya
15487.0,485.3969680070877,1.0,50,0.8260056993873562,Papaya
15601.5,487.9827548265457,1.0,60,0.8233173558337309,Papaya
13037.5,461.49747383594513,1.1228070175438596,71,0.7692465005555986,Papaya
13595.0,481.25483322143555,1.0588235294117647,69,0.7376305030146619,Papaya
12208.0,455.79898953437805,0.796875,31,0.7384271710208665,Papaya
15962.0,634.6761870384216,1.0,199,0.4979580557493081,Papaya
11481.5,1275.2661483287811,1.0,687,0.08871699661946711,Papaya
15399.5,962.3645665645599,1.0,478,0.2089475270919194,Papaya
14614.0,1471.9007052183151,1.0,851,0.08476604888128123,Papaya
10913.0,2289.041962981224,1.0,1409,0.026172578475252554,Papaya
11078.5,1585.4225642681122,1.0,965,0.05538609626694196,Papaya
6572.0,1751.8317254781723,1.0,1044,0.026910554373392567,Papaya
3485.5,753.335128903389,1.4492753623188406,449,0.07717888711699489,Papaya
10006.0,1385.4154233932495,1.1531531531531531,830,0.06551041131140846,Papaya
16041.5,569.5218590497971,1.0,152,0.6214898560830174,Papaya
15867.5,709.3107439279556,1.0,362,0.3963193661860623,Papaya
9811.0,1633.3321628570557,1.0,725,0.046214058692004865,Papaya
8753.0,1028.4894567728043,0.75,495,0.10398414002434989,Papaya
8034.5,1778.7463771104813,1.0,738,0.03191101822803504,Papaya
8489.5,1503.716939330101,1.0847457627118644,796,0.047180201628847736,Papaya
7382.0,1328.101716041565,1.391304347826087,812,0.05259218678625845,Papaya
5904.5,988.1290656328201,1.4883720930232558,506,0.07599160944084185,Papaya
16023.0,583.622364282608,1.0,135,0.5911393170214839,Papaya
9429.5,1385.584908604622,1.0,552,0.06172089853266482,Papaya
13408.5,1302.3889510631561,1.0,514,0.09933645422969267,Papaya
8657.5,1387.7026604413986,1.0,480,0.05649493618886298,Papaya
10355.5,956.9087225198746,1.0,416,0.1421149970434997,Tamarind
11277.0,904.3229355812073,1.0,383,0.17328315761990407,Tamarind
9913.5,1083.2173783779144,1.0,491,0.10617093380509168,Tamarind
11279.0,844.9259675741196,1.0,342,0.1985377726058209,Tamarind
11141.5,951.8792850971222,1.0,415,0.15452180661432036,Tamarind
10797.0,711.7300094366074,1.0,259,0.267844300704352,Tamarind
10796.0,891.8376548290253,1.0,375,0.17056940318182062,Tamarind
11222.0,840.9259674549103,1.0,346,0.19941811250593028,Tamarind
10419.0,874.5239464044571,1.0,373,0.1711955573414421,Tamarind
10533.5,890.4234411716461,1.0,370,0.16695114207092615,Tamarind
10601.5,819.3696187734604,1.0,333,0.19843463108050025,Tamarind
10034.0,913.979789853096,1.0,377,0.15094223471882565,Tamarind
10829.0,932.1219251155853,1.0,389,0.15662200194835385,Tamarind
10664.5,812.5411916971207,1.0,318,0.20298296365699253,Tamarind
10773.0,762.4995611906052,1.0,296,0.23284522043720499,Tamarind
10862.0,887.6955192089081,1.0,350,0.1732174365020036,Tamarind
10208.0,1088.229570865631,1.0,523,0.10832020654351679,Tamarind
10442.0,1053.3178836107254,1.0,491,0.11827001099493373,Tamarind
10616.0,954.4650709629059,1.0,407,0.14643695654762193,Tamarind
9577.5,1329.4082840681076,1.0,683,0.06809971012118647,Tamarind
11428.5,940.5655770301819,1.0,423,0.16233827841924162,Tamarind
10476.5,1109.5605239868164,1.0,489,0.1069360375097901,Tamarind
11244.0,889.9797896146774,1.0,367,0.1783899616237141,Tamarind
10437.5,1078.7320973873138,1.0,518,0.11271433420426968,Tamarind
10262.0,1059.862039923668,1.0,481,0.11480034650448759,Tamarind
11040.0,1181.6021542549133,1.0,546,0.09936567548913515,Tamarind
10857.0,1154.2295707464218,1.0,542,0.10240833584608437,Tamarind
9505.0,1083.4600185155869,0.828125,491,0.10175041886261003,Tamarind
11700.5,1092.9331078529358,1.0,489,0.1230912326464552,Tamarind
11460.5,800.8843375444412,1.0,331,0.22452971677863232,Tamarind
11333.0,1191.1168732643127,1.0,549,0.10037972442180423,Tamarind
10820.0,1205.4255286455154,1.0,621,0.09357425007205314,Tamarind
11206.0,1180.170695900917,1.0,583,0.10110457982942492,Tamarind
9849.5,1348.7219924926758,1.0,739,0.06804232892827462,Tamarind
10406.5,1026.388951420784,1.0,485,0.12413396162661805,Tamarind
10464.0,1168.170695066452,1.0,559,0.09635959821899173,Tamarind
9673.5,1046.5310863256454,1.0,512,0.11099137550025545,Tamarind
10228.5,1209.1828886270523,1.0491803278688525,657,0.08790990849276367,Tamarind
9957.5,1203.9524402618408,1.0578512396694215,659,0.08632597983241039,Tamarind
10062.0,1094.3717061281204,1.0,555,0.10557582029472508,Tamarind
11514.0,1771.1210485696793,1.0,1019,0.0461253421159127,Tamarind
11338.5,935.7371492385864,1.0,411,0.16272629086036927,Tamarind
9744.0,1284.278341293335,0.9453125,726,0.07423843744947152,Tamarind
9316.5,1114.5554718971252,1.0,589,0.09424520763338172,Tamarind
10836.0,1252.8813726902008,1.0,639,0.08674789709779888,Tamarind
10225.5,986.6488373279572,1.0,464,0.13199856205447902,Tamarind
11033.5,971.4772638082504,1.0,452,0.146912206482813,Tamarind
10100.5,836.4234417676926,1.0,373,0.18142634237841218,Tamarind
10396.5,1031.8447952270508,1.0,533,0.12270669705568847,Tamarind
10277.0,993.5188940763474,1.0,469,0.13083500618130306,Tamarind
10120.5,1035.418388724327,1.0,497,0.1186260544738745,Tamarind
10420.5,1201.2417628765106,1.0,598,0.0907481074592482,Tamarind
10716.0,1154.3717056512833,1.0,557,0.10105346793947519,Tamarind
9232.5,1128.1290653944016,1.0,555,0.0911615294883591,Tamarind
8317.5,910.7077113389969,0.9375,398,0.12602150031274584,Tamarind
11180.5,1176.8153575658798,1.0,560,0.1014505568757773,Tamarind
10355.0,1118.4305818080902,1.0,573,0.104026000122243,Tamarind
9831.0,823.2102382183075,1.0,381,0.18229973357869764,Tamarind
10653.0,1487.9595801830292,1.0,817,0.06046436874798063,Tamarind
11353.5,1309.3494086265564,1.0,703,0.08322015407561939,Tamarind
9623.0,1216.2539559602737,0.96875,641,0.08174699896062673,Tamarind
11089.0,1038.3473207950592,1.0,486,0.129245953303925,Tamarind
9872.0,1139.1412578821182,1.0,603,0.09560043040182298,Tamarind
10499.5,1069.0163680315018,1.0,528,0.11545420952555464,Tamarind
10294.5,1111.9869306087494,1.0,555,0.10462025063238857,Tamarind
11646.5,1106.6143465042114,1.0,559,0.11951232700244632,Tamarind
11405.5,1170.555472254753,1.0,608,0.10460204945015934,Tamarind
10240.5,1384.2610955238342,1.0,783,0.06715757401161541,Tamarind
11096.5,852.9087228775024,1.0,393,0.191686165315819,Tamarind
10403.5,1188.070190668106,1.0,619,0.09262007682008098,Tamarind
10238.0,1379.1900284290314,1.0,741,0.067635821945819,Tamarind
10488.0,969.6610298156738,1.0,480,0.14017244829621553,Tamarind
10088.5,1256.2955864667892,1.0,689,0.08032538101745813,Tamarind
9940.5,1097.501648902893,1.0,531,0.10370691869881486,Tamarind
10590.5,1206.6976072788239,1.0,624,0.09139647064771579,Tamarind
9699.0,1699.8662159442902,1.0,972,0.04218007408526631,Tamarind
11014.0,1062.6315915584564,1.0,495,0.12257149688353729,Tamarind
10176.5,1135.4427734613419,1.0,566,0.0991922632983795,Tamarind
11940.0,1080.5138419866562,1.0,558,0.1285149114122276,Tamarind
10712.5,1267.467158794403,1.0,662,0.0837967680264559,Tamarind
11239.0,1109.4844032526016,1.0,541,0.1147347919158762,Tamarind
10030.0,1130.513841509819,1.0,588,0.09861864451814119,Tamarind
10469.0,1123.8275500535965,1.0,579,0.1041635361757189,Tamarind
13335.5,1115.3595134019852,1.0,550,0.13470676787857516,Tamarind
9047.0,1524.8712666034698,0.9453125,824,0.04889315835269166,Tamarind
8939.5,1590.6286273002625,1.0,908,0.0444002590473829,Tamarind
9398.0,1549.5331741571426,1.0,735,0.04918623128690572,Tamarind
13538.5,1239.7270449399948,1.0,637,0.11069506566427281,Tamarind
9623.0,1229.5676637887955,1.0,642,0.07998627711203847,Tamarind
10302.0,1200.489456653595,1.0,525,0.08982861613600031,Tamarind
9827.0,937.8132699728012,1.0491803278688525,361,0.14041001079153623,Tamarind
7277.5,960.5310866832733,1.0,552,0.0991218110054277,Tamarind
9596.0,1017.6610296964645,1.1130434782608696,572,0.11643775286426851,Tamarind
8676.0,849.9209150075912,1.0961538461538463,447,0.15092888866883045,Tamarind
7889.5,719.9970353841782,1.1515151515151516,376,0.19124845179184757,Tamarind
9880.5,1121.986930012703,1.0593220338983051,608,0.09863094422549604,Tamarind
11385.0,1083.40114402771,1.0406504065040652,618,0.12188894534083675,Tamarind
11612.5,956.9331078529358,1.032258064516129,531,0.15935747140998632,Tamarind
8974.0,987.2590085268021,1.1682242990654206,574,0.11570009583431615,Tamarind
9581.0,949.5188943147659,1.1851851851851851,551,0.13354064882069577,Tamarind
11165.5,1075.5605244636536,1.0,524,0.12128813871649598,Tamarind
10275.0,1180.3128308057785,1.0,580,0.09268243560669323,Tamarind
13086.0,1154.3128306865692,1.0,585,0.12341550762554551,Tamarind
13347.0,863.4356337785721,1.0,411,0.22497465197431116,Tamarind
9328.0,798.3818111419678,1.0,357,0.18389805374649576,Tamarind
14676.5,904.2813055515289,1.0,388,0.22554087326632968,Tamarind
12712.5,1303.491544008255,1.0,697,0.09402089773493714,Tamarind
12195.5,1239.6925556659698,0.9921875,722,0.09971982048017396,Tamarind
11361.0,1284.6214870214462,0.953125,701,0.08651194180042789,Tamarind
11860.0,1579.6408196687698,1.0,895,0.059727984149533155,Tamarind
11350.0,1012.7493416070938,1.0,443,0.1390598595818838,Tamarind
9970.5,1231.9524402618408,1.0078740157480315,657,0.08255415141225966,Tamarind
8853.0,1607.866214632988,1.2075471698113207,926,0.0430328895557908,Tamarind
9778.0,1222.8224977254868,1.2190476190476192,678,0.08217374049534619,Tamarind
9101.0,1426.4448620080948,1.2075471698113207,791,0.056206818097222014,Tamarind
9431.0,1159.7686747312546,1.1636363636363636,621,0.08810993082125933,Tamarind
8014.5,1248.2955853939056,1.2549019607843137,644,0.06463257041400844,Tamarind
7804.5,1518.7118871212006,1.2427184466019416,829,0.042521068036192135,Tamarind
7990.5,945.2762533426285,1.2549019607843137,469,0.1123741252179048,Tamarind
7777.0,1032.7737271785736,1.3333333333333333,506,0.09162449632986866,Tamarind
8889.5,1267.9524400234222,1.1636363636363636,637,0.06948343348653056,Tamarind
10801.0,1367.1900281906128,1.0,744,0.07261328187389154,Tamarind
11321.0,1119.7686742544174,1.0,578,0.11345875840339036,Tamarind
12214.5,1054.47221159935,1.0,550,0.13804328298425872,Tamarind
12111.0,1125.1412587165833,1.0,610,0.12021973524483305,Tamarind
10900.0,1086.999122262001,1.0,576,0.11592523238611833,Tamarind
11620.0,966.6315920352936,1.0,513,0.15627662455676,Tamarind
11980.5,973.0163679122925,1.0,532,0.15901735141612575,Tamarind
11317.0,1824.2926211357117,1.0,988,0.0427318973916684,Tamarind
8886.0,1077.4011439085007,0.9609375,541,0.09619695126086132,Tamarind
15200.0,754.3818106651306,1.0,345,0.335637931026572,Tamarind
8207.5,1001.9625446796417,1.3763440860215055,450,0.10273484766829152,Tamarind
14319.5,805.0508581399918,1.0,422,0.27764578405407836,Tamarind
11759.0,1183.307778954506,1.0,660,0.1055321571032547,Tamarind
14636.0,713.7056245803833,1.0,196,0.36107217837659056,Tamarind
13801.5,782.516806602478,1.0,279,0.28323623053081054,Tamarind
14454.0,699.5634891986847,1.0,183,0.37114502546695916,Tamarind
14480.0,694.0487704277039,1.0,210,0.37774475908749927,Tamarind
15194.5,705.6639943122864,1.0,179,0.3834425995074513,Tamarind
12403.0,871.8721446990967,1.0,292,0.2050364162389398,Tamarind
11447.0,768.1320307254791,1.0,254,0.24379780777598198,Tamarind
12698.5,896.7422022819519,1.0,301,0.19843901813474324,Tamarind
12289.0,825.3868635892868,1.0,279,0.22667900781523537,Tamarind
12170.5,670.0315252542496,1.0,232,0.3406652310441983,Tamarind
12077.0,1145.0924880504608,1.0,504,0.11574115155494788,Tamarind
14690.5,660.3502860069275,1.0,165,0.42334818383400147,Tamarind
13776.0,851.528999209404,1.0,318,0.2387449053629443,Tamarind
13624.0,600.3919161558151,1.0,180,0.4749466477271417,Tamarind
12791.5,880.6833267211914,1.0,319,0.20724868835802632,Tamarind
15105.0,574.0243852138519,1.0,100,0.5760629039824103,Tamarind
12654.5,914.9432127475739,1.0,312,0.18996193054230984,Tamarind
14533.5,720.5756816864014,1.0,217,0.35173928500929136,Tamarind
14648.0,666.8771971464157,1.0,182,0.4139009851120796,Tamarind
14831.5,648.8355669975281,1.0,152,0.4427164336085878,Tamarind
12512.5,895.1686086654663,1.0,357,0.1962204494689959,Tamarind
14467.0,704.1909055709839,1.0,203,0.36661271354497965,Tamarind
15784.0,596.3675310611725,1.0,103,0.557697830850064,Tamarind
15662.5,641.8650048971176,1.0,163,0.47773114088910895,Tamarind
14365.0,731.5046139955521,1.0,239,0.33735049733815625,Tamarind
15306.5,695.8061298131943,1.0,183,0.397291486773955,Tamarind
15537.5,630.2081505060196,1.0,131,0.49161256505774403,Tamarind
13389.0,690.7005714178085,1.0,246,0.3526780046253994,Tamarind
15826.0,579.5391039848328,1.0,96,0.5921279145650835,Tamarind
13841.0,912.4995613098145,1.0,289,0.2088872844111456,Tamarind
15894.5,546.811182141304,1.0,65,0.6680084564347393,Tamarind
16123.5,509.0710676908493,1.0,13,0.7818300441352982,Tamarind
16103.5,515.5563489198685,1.0,22,0.7613386238740202,Tamarind
15879.0,589.6812391281128,1.0,98,0.5738500068170386,Tamarind
15974.0,554.0832602977753,1.0,67,0.653843009383081,Tamarind
16051.5,525.012192606926,1.0,48,0.7317904009188296,Tamarind
16076.5,521.6984843015671,1.0,36,0.7422705310837986,Tamarind
16129.0,508.0,1.0,4,0.7853981633974483,Tamarind
16118.0,518.8284270763397,1.0,9,0.7524427960156649,Tamarind
16017.5,543.3553384542465,1.0,46,0.6817681679719302,Tamarind
16042.0,537.5979790687561,1.0,50,0.6975143087485554,Tamarind
16124.0,508.8284270763397,1.0,8,0.7826001391693803,Tamarind
9349.0,1240.6315913200378,1.0578512396694215,536,0.07632896125529302,Tulsi
9714.0,1023.9209141731262,1.1851851851851851,463,0.11643274476249016,Tulsi
6453.5,958.9087227582932,1.8285714285714285,416,0.08819635562640797,Tulsi
7506.0,1051.092487692833,1.4545454545454546,476,0.08537614867111305,Tulsi
7008.0,927.6955192089081,1.5238095238095237,401,0.10232765914350686,Tulsi
6002.0,840.1808012723923,1.4545454545454546,367,0.10684651179052296,Tulsi
10740.0,803.352373957634,1.1327433628318584,368,0.2091230876844181,Tulsi
6785.5,1540.3443567752838,1.3061224489795917,851,0.03593817963852507,Tulsi
12017.0,1648.6702572107315,1.0756302521008403,917,0.055556940198400254,Tulsi
8645.5,2112.441897392273,1.0,1237,0.02434615788404726,Tulsi
5847.0,1401.165643811226,1.6623376623376624,760,0.037425188622955956,Tulsi
6724.0,2668.9830881357193,1.0,1514,0.011861672389179833,Tulsi
9627.5,2964.9069678783417,1.0,1663,0.013762624155535511,Tulsi
4095.0,1158.312831044197,0.5703125,594,0.038354121148008985,Tulsi
12001.0,1931.4053194522858,1.0,1087,0.04042783209972496,Tulsi
4399.0,1022.0041747093201,1.292929292929293,486,0.05292470992326522,Tulsi
15469.5,874.9919828176498,1.0,478,0.25390894048978624,Tulsi
15758.0,793.695519566536,1.0,410,0.31434249993692265,Tulsi
16129.0,508.0,1.0,4,0.7853981633974483,Tulsi
868.0,181.96550977230072,1.0,108,0.32942111459847545,Tulsi
845.5,250.14927542209625,1.0232558139534884,155,0.16979503133417795,Tulsi
1233.5,245.86500442028046,1.6888888888888889,133,0.25642217732799105,Tulsi
1112.0,239.07820785045624,0.9411764705882353,157,0.24447511997778668,Tulsi
5704.0,2113.1353282928467,1.2190476190476192,1332,0.016052207286708406,Tulsi
5251.0,1929.7728501558304,1.0,1161,0.017719011834666915,Tulsi
4916.0,1711.121049284935,1.28,1022,0.021098922197554923,Tulsi
14810.5,750.3746711015701,1.0,250,0.33053941374927726,Tulsi
12191.0,1798.3027260303497,1.0,806,0.04737220391469831,Tulsi
6572.0,1322.479351758957,1.3333333333333333,747,0.047220395341825816,Tulsi
10881.5,1019.1686081886292,1.0,335,0.13164566230426059,Tulsi
4464.5,398.9188276529312,1.1235955056179776,215,0.35254423983478606,Tulsi
5051.0,473.18585300445557,1.1595744680851063,285,0.2834808515874889,Tulsi
4403.0,461.8721445798874,0.87,266,0.25936717265446046,Tulsi
13909.0,1750.7779024839401,1.0,1029,0.05702215918097635,Tulsi
8976.0,1850.5424019098282,1.0,1166,0.032937802919946635,Tulsi
8306.5,1712.1332409381866,1.0,1040,0.03560842912941536,Tulsi
10526.0,1378.444862127304,1.0666666666666667,808,0.06961365422207381,Tulsi
11667.0,1611.498683810234,1.0,922,0.05645587613922235,Tulsi
7980.0,3623.795479774475,1.0,2308,0.007636342476726194,Tulsi
13366.0,1845.5474539995193,1.0,1091,0.04931293910137838,Tulsi
11706.0,1945.8216207027435,1.0,1219,0.03885190645843588,Tulsi
10116.0,1550.2926213741302,0.8515625,980,0.05289216263732772,Tulsi
8198.0,2257.644994854927,0.890625,1402,0.02021186896603762,Tulsi
8062.0,1552.3859869241714,0.8828125,881,0.04203908261927698,Tulsi
10511.5,1352.26109623909,0.8515625,788,0.07223596036488197,Tulsi
11446.5,1192.2712008953094,1.0,625,0.10118880546457498,Tulsi
11119.5,1560.3687417507172,0.9609375,946,0.05739058343762407,Tulsi
15526.0,887.5533844232559,1.0,381,0.24767403358672233,Tulsi
12860.5,620.634556889534,1.0,181,0.4195616753697702,Tulsi
13033.5,596.8355671167374,1.0,155,0.45979212442533085,Tulsi
13368.5,476.61017167568207,1.103448275862069,103,0.7395472577237413,Tulsi
13772.0,566.9360724687576,1.0078740157480315,136,0.5384417121496567,Tulsi
14984.5,542.7523069381714,1.0,90,0.6392176585088747,Tulsi
2781.5,645.8548986911774,1.6779661016949152,310,0.08379517501295143,Tulsi
4194.5,600.5411915779114,1.608695652173913,326,0.14615189812253734,Tulsi
865.5,349.46298372745514,2.25,177,0.08905833572531721,Tulsi
612.0,308.93607223033905,0.7954545454545454,149,0.08057940287900499,Tulsi
7317.0,1564.1118198633194,1.0,683,0.037584374175660545,Tulsi
11838.5,1001.536139011383,1.0578512396694215,443,0.14831097599318177,Tulsi
5625.5,1616.001209616661,1.0,838,0.027069960995528324,Tulsi
10001.5,1414.8397415876389,0.9672131147540983,638,0.06278566562299137,Tulsi
7776.0,1001.2590081691742,1.3333333333333333,501,0.09747051105724751,Tulsi
8177.5,798.4234414100647,1.1228070175438596,363,0.16119956237352115,Tulsi
14563.0,748.6761869192123,1.032258064516129,205,0.3264920975108967,Tulsi
9436.0,1027.484404206276,1.1743119266055047,600,0.11231747175773124,Tulsi
6026.0,708.9259670972824,2.0,336,0.15067362007007115,Tulsi
6612.0,566.2741659879684,1.8823529411764706,242,0.25911300483212985,Tulsi
6446.5,703.0264726877213,1.7066666666666668,317,0.16390435510550486,Tulsi
7965.5,635.9726502895355,1.5609756097560976,266,0.2474833733856125,Tulsi
3597.5,530.2569206953049,1.1884057971014492,274,0.16078220327597176,Tulsi
8650.5,870.8498474359512,1.4883720930232558,449,0.14333904752797183,Tulsi
7062.0,1185.3422688245773,1.2673267326732673,627,0.0631611508122678,Tulsi
13379.0,2056.83677816391,1.0,1092,0.03974054870227719,Tulsi
14284.5,1568.025596022606,1.0,933,0.07300769077719368,Tulsi
13105.0,1906.0327353477478,1.0,1085,0.045330047997019694,Tulsi
1447.5,246.14927518367767,0.8360655737704918,133,0.3002142577444057,Tulsi
7713.0,1443.3565481901169,1.3617021276595744,831,0.04652495285001578,Tulsi
7165.5,974.3056907653809,1.4382022471910112,483,0.0948562356902791,Tulsi
6318.0,1150.5971014499664,1.0847457627118644,641,0.059971226975296645,Tulsi
12337.0,859.0092272758484,1.0,359,0.21009889625445194,Tulsi
12751.0,890.6660823822021,1.0,432,0.2019874011425331,Tulsi
5334.5,1058.2712016105652,1.1851851851851851,588,0.05985626692158554,Tulsi
12529.5,1065.1585031747818,1.0,514,0.13877624336795197,Tulsi
14723.0,554.7939372062683,1.0,132,0.6010945124575687,Tulsi
11692.5,1296.7808669805527,1.0,667,0.08737436936639625,Tulsi
10694.5,1130.8498474359512,1.0,475,0.10508977477657785,Tulsi
12058.5,1335.9524406194687,1.0666666666666667,713,0.08490263251998222,Tulsi
11661.5,1141.0752433538437,1.0,510,0.11254746423235124,Tulsi
11312.0,946.0386655330658,1.0,402,0.15882961634571757,Tulsi
11905.5,1461.8346906900406,1.0078740157480315,824,0.07001014475665845,Tulsi
11436.0,851.4701240062714,1.0,356,0.19821895499929415,Tulsi
12746.5,1038.6488374471664,1.0,518,0.14847841938472506,Tulsi
12261.0,992.2051858901978,1.1428571428571428,477,0.15650664124670002,Tulsi
11579.0,1082.4894571304321,1.0,523,0.12417482809904175,Tulsi
2614.0,344.81832242012024,1.0704225352112675,203,0.27627066814318113,Tulsi
548.5,172.0660150051117,1.088235294117647,93,0.2328071394138546,Tulsi
1053.5,336.03152561187744,1.3478260869565217,180,0.11724230727984437,Tulsi
1674.5,331.4041086435318,1.5576923076923077,184,0.19159282416670811,Tulsi
1265.5,747.3351286649704,2.5813953488372094,456,0.028473523952545293,Tulsi
532.5,380.7178169488907,2.3333333333333335,233,0.046166087786310546,Tulsi
1538.5,242.69343173503876,1.2830188679245282,122,0.3282398603220345,Tulsi
1760.0,614.0386655330658,1.8448275862068966,374,0.058658518955983154,Tulsi
2768.0,1844.6256614923477,1.345679012345679,1167,0.010222555044779631,Tulsi
1504.0,262.5929263830185,1.5294117647058822,136,0.2740890301460107,Tulsi
13473.5,1099.584909439087,1.0,617,0.14003375955924965,Tulsi
12918.5,1088.413336634636,1.0,618,0.13703586459676254,Tulsi
12458.0,1218.8224972486496,1.0,702,0.10538462797545875,Tulsi
13395.5,1005.2173784971237,1.0,516,0.16658995709308372,Tulsi
13409.0,1053.3422688245773,1.0,615,0.15186833469573707,Tulsi
13313.5,819.9381603002548,1.0,401,0.24885129684915386,Tulsi
4534.5,2835.1079787015915,0.8813559322033898,1657,0.0070892462452445916,Tulsi
1523.5,1400.319972038269,0.9493670886075949,830,0.009763325232845054,Tulsi
3305.0,2176.2967962026596,0.7410714285714286,1403,0.00876889929267224,Tulsi
16129.0,508.0,1.0,4,0.7853981633974483,Tulsi
16129.0,508.0,1.0,4,0.7853981633974483,Tulsi
16129.0,508.0,1.0,4,0.7853981633974483,Tulsi
16129.0,508.0,1.0,4,0.7853981633974483,Tulsi
16129.0,508.0,1.0,4,0.7853981633974483,Tulsi
16129.0,508.0,1.0,4,0.7853981633974483,Tulsi
16129.0,508.0,1.0,4,0.7853981633974483,Tulsi
6517.0,1555.0478930473328,1.0,798,0.033866479003680665,Tulsi
13959.0,1233.7686750888824,1.0,691,0.11523826003679052,Tulsi
7518.5,573.7472544908524,1.4382022471910112,212,0.28701184956477427,Tulsi
12798.0,591.2548332214355,1.0158730158730158,65,0.4600473803509923,Tulsi
11570.0,642.3675309419632,1.032258064516129,109,0.35235144829778525,Tulsi
3640.5,400.0071393251419,0.7613636363636364,123,0.2859139951288904,Tulsi
15737.5,539.2964633703232,1.0,74,0.6799711122556948,Tulsi
3808.5,323.4385987520218,0.6896551724137931,98,0.45748844600959354,Tulsi
4994.0,340.71067690849304,0.872093023255814,91,0.5406135358703231,Tulsi
7146.5,634.5168063640594,0.9609375,248,0.22305758850782464,Tulsi
6652.5,1120.2123259305954,0.6953125,603,0.06661837781920325,Tulsi
3078.0,761.2934981584549,1.5147058823529411,423,0.06673816142960173,Tulsi
5716.5,1780.476386666298,1.1515151515151516,1022,0.022660403316664815,Tulsi
7122.0,1487.356547832489,1.3195876288659794,867,0.040455880142673054,Tulsi
3539.5,531.4041085243225,0.7788461538461539,222,0.1575077635693034,Tulsi
5095.5,1266.1778355836868,0.7522935779816514,752,0.03993992601776316,Tulsi
5504.5,1011.844794511795,0.65625,555,0.06756160163448686,Tulsi
8636.5,599.2030984163284,1.6842105263157894,238,0.3022731282590306,Tulsi
10978.5,814.340181350708,1.1743119266055047,340,0.20803726781596293,Tulsi
5633.5,427.8061292171478,1.1428571428571428,173,0.38680685117581876,Tulsi
7216.5,660.3401806354523,1.0847457627118644,325,0.20797016270533147,Tulsi
5808.5,691.9970350265503,1.0818181818181818,339,0.1524282243077958,Tulsi
11141.5,1032.9432122707367,1.0756302521008403,281,0.13122018217882908,Tulsi
14768.5,721.3797240257263,1.0,123,0.35663042297885855,Tulsi
15131.0,519.7401144504547,1.0,57,0.7038903638911368,Tulsi
10640.5,819.3107430934906,1.1636363636363636,332,0.19919324243305891,Tulsi
11180.0,1299.8519349098206,1.0,704,0.08315031476842054,Tulsi
179.5,63.35533881187439,0.7083333333333334,27,0.5619632058559954,Tulsi
16126.5,508.2426406145096,1.0,8,0.7845268062512984,Tulsi
3291.0,519.2102392911911,0.8426966292134831,275,0.15340914490688262,Tulsi
10856.5,1020.1534509658813,1.1962616822429906,625,0.13108973775506333,Tulsi
16128.0,508.8284270763397,1.0,7,0.7827942845772616,Tulsi
11799.0,763.6467485427856,1.0,206,0.25425532142609264,Tulsi
15970.0,534.710676908493,1.0,86,0.7019029506834547,Tulsi
14628.0,515.6223630905151,1.0,92,0.6914031054950556,Tulsi
5356.5,374.57568180561066,0.7155963302752294,189,0.47974650095072674,Tulsi
585.5,96.6690468788147,0.84375,50,0.7873392282089408,Tulsi
10999.5,826.9675973653793,1.0,361,0.20211838609659877,Tulsi
9983.0,753.5289989709854,1.0,298,0.2209382929804652,Tulsi
14111.5,1163.869179725647,1.0,637,0.13091056837218196,Tulsi
4169.0,769.8965297937393,1.7534246575342465,363,0.0883846883541716,Tulsi
15749.0,581.6223640441895,1.0,137,0.5850333884780244,Tulsi
15583.5,519.8406195640564,1.0,41,0.7246602610799247,Tulsi
11012.5,935.6437842845917,1.1327433628318584,551,0.15807919360502976,Tulsi
14291.5,540.5512963533401,1.0,106,0.6146301372100429,Tulsi
8970.5,1517.3636885881424,1.1130434782608696,942,0.04896064614949925,Tulsi
9707.5,1268.6976066827774,1.0,600,0.0757881004466834,Tulsi
13833.5,814.7422020435333,1.0,305,0.26187950626944045,Tulsi
10953.5,1336.6631170511246,1.0406504065040652,739,0.0770404564806558,Tulsi
1316.0,139.39696848392487,0.8444444444444444,57,0.8510578758039372,Tulsi
16129.0,508.0,1.0,4,0.7853981633974483,Tulsi
16129.0,508.0,1.0,4,0.7853981633974483,Tulsi
14291.0,667.9898949861526,1.0,199,0.4024692438408495,Tulsi
16129.0,508.0,1.0,4,0.7853981633974483,Tulsi
16129.0,508.0,1.0,4,0.7853981633974483,Tulsi
15801.0,497.4558436870575,1.0,36,0.8023897333191032,Tulsi
16129.0,508.0,1.0,4,0.7853981633974483,Tulsi
